"id","gender","age","agree1","agree2","agree3","often1","often2","open1","open2","other","multi","factor"
1,"F",51,"Disagree","Agree","Strongly Agree","Rarely","Rarely","Lorem ipsum dolor sit amet, egestas elementum aenean. Vivamus ultricies ligula taciti in volutpat eget ipsum. Aliquam phasellus sapien. Aptent mauris ut a adipiscing non. In sed potenti lectus at, viverra ut cras. In etiam sed, ut sit mollis ipsum massa! Sem porttitor himenaeos, ridiculus, platea facilisis pellentesque. Sit augue potenti ac. Mauris himenaeos eros eros nunc odio ex lectus. Ligula nisi, vel leo venenatis proin in malesuada curae vel. Id mi et vehicula.","Lorem ipsum dolor sit amet, vitae magna, pretium justo ac praesent a. Odio ut in sit fames amet amet eleifend finibus, dui urna. In at morbi id ipsum metus quis, habitasse sed. Dolor, dignissim eros massa senectus non sapien etiam maecenas eu non ipsum. Efficitur, tempus faucibus curae. Id nibh aptent sed ipsum, sagittis cum neque tristique. Enim phasellus blandit curae suscipit hac vitae, platea, neque. Congue rutrum egestas tempus etiam. Molestie, tincidunt eu, mauris efficitur per lacus nec. Accumsan semper vulputate sapien maecenas tellus aliquam vestibulum. Rhoncus curabitur sapien erat varius justo. Rhoncus adipiscing leo et sit ut lorem leo, laoreet ornare.","Disagree","US","opt1"
2,"F",45,"Disagree","Disagree","Strongly Disagree","Never","Never","Dignissim velit orci fringilla. Aliquet nulla nec nulla dui. Fringilla pellentesque donec ac eros, egestas porttitor cubilia ac condimentum. Aliquam, vehicula quisque amet ultrices lacus sed. Eros, dui aliquam fringilla sit hendrerit in gravida? Dui purus, iaculis posuere vitae, mi diam urna. Auctor eu odio, eu commodo urna, et sem cursus? Erat, eu cursus ac nam duis. Turpis pharetra egestas sed in nulla elementum, vitae venenatis. Amet ante ultricies, mi rutrum tincidunt. Duis suspendisse vestibulum non natoque venenatis tristique pellentesque mauris ac, malesuada aliquam. Felis integer risus faucibus non ad quis tincidunt viverra eget magnis, nisl. Metus amet, volutpat egestas rhoncus vel at amet. Orci tempor pharetra vel vestibulum est amet nisi.","Eleifend nisi quis sed, habitant enim maecenas sapien commodo integer. Justo sit sed metus, orci magna facilisis tristique nunc tincidunt malesuada, maximus. Risus in penatibus ac quam efficitur mattis sed ac sed elementum. Et mauris pretium ut eu ut urna. Rutrum, tellus lacus duis. Eros dolor nam consequat finibus nec. Varius sed, ut vel nec habitant cursus. Dictum pretium pellentesque sapien vitae sodales nisi eros, sodales ac efficitur sit. Pulvinar ac quis maecenas nec proin condimentum fames porta. Ut sollicitudin conubia lacinia duis eu, in, ad, ornare.","Strongly Agree","US","opt2"
3,"M",35,"Strongly Agree","Disagree","Disagree","Very Often","Very Often","Porta sed turpis a a non class a, finibus et pellentesque convallis. Suspendisse litora urna vitae per ipsum suspendisse. Ultricies sed tellus enim elit dolor. Pretium proin volutpat conubia fames nec, mi nibh pulvinar quis ex. Curae nec consequat per elit in nulla, tempus malesuada. Lacus vel ultrices eget, nec. Mi molestie rhoncus et efficitur accumsan placerat maecenas urna pellentesque dui. Sapien imperdiet urna finibus per tincidunt sollicitudin cum in a quisque sed. Aliquam risus molestie facilisis mauris in dapibus, a.","A est orci urna interdum velit. Dis et dapibus sed ac vitae. Sapien eros pretium at tellus. Hac egestas pellentesque ut turpis quisque. Nec ligula ante fermentum eget lorem, molestie nullam vulputate. Dictum turpis, sociis tortor in, neque mollis nunc vel. Commodo luctus, integer. Ut, cubilia vel magna senectus posuere neque arcu. In ipsum torquent est ad nam sociosqu ex accumsan amet, eu.","Agree","MEX;UK","opt5"
4,"M",22,"Strongly Disagree","Neither Agree or Disagree","Disagree","Never","Never","Gravida tristique nullam aliquam viverra nostra vel fames libero conubia tincidunt natoque. Suscipit dictumst non a varius suscipit. Gravida sociis, id odio fusce. Sem lectus maecenas, tincidunt elementum vestibulum laoreet nisi. Augue himenaeos magnis diam efficitur in egestas, efficitur. Id magna non nullam. Amet mi, sapien amet vel non, parturient laoreet tempus.","Dictum proin himenaeos risus, eget. Laoreet, consectetur accumsan facilisis vulputate maecenas tincidunt metus nam, ullamcorper in. Cum massa pharetra eleifend luctus tincidunt nunc posuere. Cubilia per, duis nec, sed vitae condimentum augue. Dolor molestie curae purus diam arcu. Magna elementum imperdiet, ac enim eget imperdiet eu. Sit sagittis ante. Nunc purus ac maecenas donec elementum.","Strongly Disagree","","opt2"
5,"F",51,"Neither Agree or Disagree","Strongly Disagree","Strongly Agree","Never","Rarely","Purus finibus eu amet. Sollicitudin sollicitudin ante sed, dolor erat auctor neque nam. Facilisis id amet mollis eleifend rutrum varius cum aliquam tempus tellus. Magnis libero ut cum, ullamcorper. Pellentesque lorem eget adipiscing risus vel. Sed ut conubia himenaeos, euismod eget ipsum sociosqu. In donec eros ipsum convallis cras non dapibus sociosqu. Cubilia in volutpat in ut sapien natoque egestas, porttitor. Sodales blandit tempus porttitor praesent ornare dictumst dictumst ut quam. Proin eget enim faucibus et sed, amet sed sem arcu. In mauris id, imperdiet risus. Natoque donec pharetra ut ligula in facilisis hac auctor inceptos faucibus. Litora et per senectus et ante.","Accumsan turpis pulvinar feugiat, conubia ligula fames, ante. Felis metus adipiscing justo magnis tempus, et. Risus enim praesent pellentesque ipsum cum sit magna. Pulvinar dignissim sit mauris morbi aliquam. In proin pellentesque nulla ut. Egestas, sed nullam sem magnis quis ornare molestie praesent sapien. Ipsum vehicula varius ac egestas risus aenean in urna felis, sagittis. Aenean sit at, erat posuere a aliquam tortor in! Et, hendrerit mi ex inceptos in. A varius eleifend litora, iaculis velit mauris. Himenaeos, sed eget eget sed, maximus ut, varius hac, porttitor ut. Et, sagittis amet ante laoreet lorem scelerisque enim.","Strongly Disagree","UK","opt1"
6,"F",43,"Disagree","Strongly Agree","Neither Agree or Disagree","Rarely","Never","Lacinia luctus torquent nulla elementum porta. Vestibulum efficitur cras tempor, dictumst. Ut egestas nisl neque a blandit vel sed? Elit nisl cursus lorem vitae turpis, ipsum porttitor. Tincidunt vel felis platea aliquet sem faucibus et sapien amet. Nec sit vel id nec metus est. Enim, nunc lacinia, proin condimentum blandit. Quam sociosqu ante erat aliquam eu quis eu leo inceptos. Nisi hendrerit vel sapien diam. Lacinia fames morbi erat faucibus. Ornare dictum sociis.","Tellus tristique libero sociosqu ut felis maecenas. Nunc rhoncus, sed vestibulum nam, ridiculus sed netus enim, tellus nisi, varius. Maecenas ut sed. Metus parturient penatibus facilisis in justo vestibulum integer per. Arcu imperdiet ante ac torquent class mauris. Platea rutrum scelerisque eu mus, etiam nullam pharetra. Sed euismod eu mi nec nec vel? Justo ac eleifend, ipsum, nibh gravida. Turpis orci ipsum varius ipsum mus. Ultrices torquent, eget elementum platea vitae lectus nisi tristique. Netus hendrerit, vestibulum dolor mi mus lacinia, ultricies.","B","CAN","opt1"
7,"F",22,"Strongly Agree","Agree","Strongly Disagree","Rarely","Rarely","Vivamus nisl pellentesque felis, ac mauris. Bibendum erat in quis lorem in est venenatis ut dictum. Et arcu in sed ut duis, ullamcorper sed ac sem. Dis consequat torquent luctus parturient est ligula quisque lorem, orci nec. Platea aenean vehicula senectus pharetra eu ut augue cras proin aptent aliquam habitasse nec velit dapibus condimentum. Eu, neque non ultricies nibh commodo tempor ac eget viverra taciti. Finibus inceptos adipiscing eros interdum volutpat libero. Amet sed nunc aenean, auctor morbi? At odio pellentesque luctus sollicitudin non non dignissim amet condimentum augue. Id id at eros faucibus donec.","Vel per hendrerit ut mauris diam at rutrum vestibulum, aenean elementum. Auctor interdum malesuada accumsan ullamcorper. A sem vestibulum, porttitor interdum eu. Nisi augue hac etiam amet sagittis mollis eu. Dapibus tristique turpis fusce egestas, vulputate. In erat platea commodo sed. Dui senectus turpis lobortis, mauris sit. Ac vitae blandit, nisl volutpat enim montes per in. Tempus libero habitasse amet dapibus adipiscing viverra phasellus non.","A","","opt2"
8,"M",24,"Strongly Disagree","Neither Agree or Disagree","Strongly Agree","Rarely","Very Often","Est in diam odio nam aliquam pretium pretium arcu lorem non. Ac laoreet, ut, sapien vivamus efficitur gravida penatibus cum semper justo taciti sit. Turpis porta inceptos curae mi, vitae, maximus lacus ac. Eget aptent aliquet ut habitasse senectus in egestas sodales quam nam ultrices urna. Vel viverra ultricies ut tincidunt nec a pharetra, augue auctor! Aenean lacinia nisi auctor sollicitudin, dictum et et odio. Fusce nunc conubia viverra a. Vel vel. Tellus eros accumsan accumsan, eleifend vivamus. Bibendum eu maecenas class a ut egestas vitae quis.","Luctus at, a lacus turpis curabitur. Netus habitasse, mi ullamcorper egestas sagittis, curae sapien. Turpis vulputate lacus ligula, mus ullamcorper felis vel efficitur ut phasellus ex. Tristique vehicula mollis amet ut justo posuere. A donec class vel nulla primis per ac magna. Ut, inceptos a nibh ex tincidunt in erat. Dolor et, in iaculis neque euismod cum porta. Dictum enim vitae felis nec quis placerat ultricies. Nisl neque venenatis et, tellus cras, in turpis. Massa turpis nulla himenaeos vitae conubia proin urna nec neque. Tristique, platea augue feugiat nunc eget leo per. Praesent fusce, arcu enim proin a nunc class vel libero arcu. Ut mi montes purus class risus sed turpis taciti.","Strongly Agree","CAN;MEX;UK","opt5"
9,"F",47,"Agree","Neither Agree or Disagree","Agree","Very Often","Often","Auctor at duis mi sit arcu nam amet. Orci vel condimentum maximus diam et blandit vel nulla himenaeos lectus in nec erat risus. Suspendisse enim et etiam ut vivamus neque. Ridiculus aliquam donec magnis parturient class molestie sit tincidunt. Pellentesque sed euismod, efficitur eget nulla. Eu tempus porta, massa id diam malesuada phasellus. Turpis, class sociis quis conubia nisl. Augue commodo dolor, sagittis semper et eros. Primis, erat, facilisi imperdiet commodo cum cras enim facilisis lectus. Dolor placerat, sed risus commodo dictumst eget.","Sed, nec at fringilla id. Interdum fringilla eget sodales non. Elit ultrices, ut arcu turpis, eu tempus diam nullam ac. Est placerat dictumst non tempus ridiculus consequat dictum netus laoreet. Sollicitudin egestas mauris aliquam vivamus hendrerit tortor quisque enim. Pharetra eget dictum class malesuada nec congue sit commodo commodo. Senectus tortor quam vivamus nibh dis. Sociis sed, duis aptent ultricies risus. Etiam ut enim cubilia ut sit vivamus suscipit tincidunt vivamus.","Disagree","CAN","opt4"
10,"F",48,"Agree","Agree","Strongly Agree","Often","Rarely","Non, auctor duis feugiat ipsum orci ante aliquam efficitur cubilia. Non erat nunc in vivamus fringilla non erat facilisi. Metus accumsan, tincidunt nisl varius nec tincidunt donec inceptos. Urna integer eget id nibh pulvinar lorem nec at nullam, ex. Litora class sed tempor donec, viverra. Sodales quam suspendisse conubia, ullamcorper. Eu, ac iaculis elit. Scelerisque nisi condimentum, donec cras, sed neque cum. Libero cras ligula. Leo, rhoncus cras habitasse. Netus est justo, nec blandit. Interdum blandit at adipiscing cursus semper dui vitae mauris per. Curae, nullam amet sed feugiat, mattis ante laoreet purus. Duis ante quam laoreet erat.","Netus varius neque duis nullam est id id. Nunc non ut quisque ac platea, non mollis. Porttitor in tortor sem pellentesque pharetra sed fusce turpis. Velit litora. Sit pretium natoque eget non vivamus augue feugiat. Commodo ac pretium eget id ut fames, at accumsan cursus a ligula in. Ac finibus dui tempor odio platea parturient parturient phasellus sit auctor cras. Congue vehicula pretium ridiculus justo maecenas magnis mattis cras aliquet nec sit himenaeos aliquam.","Disagree","CAN","opt2"
11,"F",41,"Strongly Agree","Disagree","Strongly Agree","Often","Rarely","Sed cubilia in enim ac. Suspendisse viverra nulla tellus. Imperdiet suspendisse, nascetur non dapibus congue dui ligula posuere eros. Pellentesque odio luctus sed ante sed nascetur, at? Nibh penatibus potenti porta nunc ridiculus pharetra. Cursus adipiscing tortor, sed pretium porttitor eget. Gravida, faucibus magna et vulputate fusce augue consectetur lorem. Non eros rhoncus risus et eget. Fusce sed tortor, eu ex mauris elementum in ipsum. Vel nullam maximus convallis volutpat potenti mauris non.","Elementum neque suscipit urna, vel sed, tincidunt ut, vel tortor praesent. Fusce tempor porta posuere feugiat luctus nec nunc at. Vel, maximus non sed morbi metus at. Eleifend non habitasse, nisi sagittis turpis in class pulvinar sit metus. Porta elementum tincidunt placerat mauris urna auctor mi. Posuere tristique metus adipiscing, commodo hac hendrerit enim, habitasse. Hendrerit cum a quam, ad eros sit dis vestibulum ac maecenas arcu ac ante. Donec, quis libero in elementum primis adipiscing conubia. Libero eget, et nec, efficitur, cubilia nostra sed bibendum in neque curabitur. Rhoncus sed lectus himenaeos consequat magna nibh platea libero urna in nulla.","B","US","opt3"
12,"M",57,"Strongly Disagree","Neither Agree or Disagree","Strongly Agree","Never","Often","Blandit, elit per sed aliquet venenatis aptent eu. Netus duis, nulla, arcu. Mi blandit, hendrerit ipsum sapien suspendisse. Lectus non habitasse ullamcorper ac erat adipiscing sit luctus at et. Sed tortor et, odio nunc sed venenatis nec. Pretium tempor lacinia vel. Platea vivamus dolor gravida, quisque sit aenean accumsan. Et a ac lobortis et vestibulum lobortis. Amet, ut curabitur, ex. Ipsum ut augue ipsum curabitur, in vivamus venenatis. Varius pharetra, posuere et pretium ac pulvinar nam aptent ex.","Nec viverra dui sem malesuada interdum. Amet morbi dui elementum nunc in. Eget scelerisque a. Ultrices curae, imperdiet felis rutrum malesuada curae non blandit ex velit. Porta nullam id est, augue nunc metus dictum fusce nascetur, tortor. Dui ante pharetra montes et dis pharetra lectus enim varius luctus placerat. Auctor vitae aliquam varius viverra sollicitudin sed enim sodales porta. Nec gravida taciti ut ut morbi tincidunt ac nec ac. Imperdiet id sem dictumst nec et, praesent nunc. Et at, hac amet et est est id conubia velit. Fermentum etiam, odio et faucibus aenean at sit sociis.","Disagree","US","opt1"
13,"M",57,"Neither Agree or Disagree","Disagree","Agree","Very Often","Rarely","Ullamcorper leo ut adipiscing fringilla in curabitur justo. Vehicula habitasse et elit, per facilisi eu praesent mattis. Felis non conubia nascetur pretium eget fames aenean, a risus nec. Scelerisque nisl varius quis in tincidunt. Adipiscing lacus habitant posuere euismod ultricies per parturient, convallis. Et felis iaculis eros sit donec eu ac lacinia. A libero. Ac convallis ultrices dolor magna suscipit. Habitasse tincidunt.","Ornare ac mi laoreet. Elementum a risus eu cubilia vel a id, sed. Ad dolor etiam senectus habitant. Condimentum aliquam suspendisse accumsan ipsum malesuada magna tempus tincidunt ipsum. Non sem aliquam eu nibh ullamcorper, sed nec dictum ipsum. Dui massa metus velit, est luctus vel lectus ut est ut. Ligula augue ex maximus dui arcu nunc rhoncus tristique vestibulum, aliquam velit et quis. Amet conubia hendrerit purus tortor sed pellentesque blandit! Cras purus sapien nisl ridiculus non, adipiscing id euismod dignissim feugiat sagittis. Mauris id nec mauris vel iaculis, in convallis maecenas netus ut elementum quisque. Maecenas varius nec tempor magnis lobortis curabitur in quisque pretium sem. Volutpat feugiat phasellus non ornare, sed venenatis sit et aliquet. Magnis quam dis donec, ultrices, in. Posuere lobortis sed nibh sed diam.","B","MEX;UK","opt1"
14,"M",58,"Agree","Strongly Agree","Agree","Often","Sometimes","Cubilia tincidunt pulvinar neque porttitor, enim conubia amet diam. Risus in erat ac integer. Amet potenti, lorem, luctus aptent nostra sed. Sed vitae phasellus bibendum eu vehicula. Lobortis quam eu pulvinar ac dapibus, ultricies habitant sociis, egestas. Nec mattis sapien mi in tincidunt vivamus. Curabitur metus sociis, lacus. Nibh nulla tempor eget pellentesque, habitasse in et vel dolor in sociosqu sit. Nulla pellentesque ut pharetra massa aptent eleifend neque laoreet suspendisse egestas ultrices sagittis. A erat phasellus dolor curabitur.","Tempor maximus volutpat auctor est aliquet id. In fermentum dapibus pharetra, dui, turpis erat euismod tortor maximus sed! Sed quis ipsum at nec ultrices vitae himenaeos et. Eget lacus euismod massa, semper per ex ultricies. Justo, egestas class nibh purus elementum dolor, velit, ac ut, aliquam. Congue tempor rutrum phasellus himenaeos conubia arcu augue, semper at sed sed quis nunc porta eros. At aliquet sed sem penatibus. Platea ligula amet lorem, facilisis nunc.","A","CAN;US","opt2"
15,"F",33,"Neither Agree or Disagree","Strongly Disagree","Strongly Agree","Very Often","Never","Diam finibus ligula quis et massa vehicula molestie ut. Amet at nascetur nostra non ex. Vehicula aptent libero eu dapibus sociis arcu. Sed risus risus lectus sed in nibh risus ad, metus. Nec lacinia. In sed nec eget a, lobortis, eros euismod potenti? Auctor ad nunc nec molestie nisl consectetur et iaculis nunc scelerisque eu metus non. Urna in non tempus nisi laoreet ut risus nulla. Maecenas dolor tristique sit in malesuada lectus donec fermentum. Dolor iaculis, id tellus dolor egestas magna cursus in. Libero ut sodales volutpat non placerat elementum bibendum himenaeos blandit, sagittis. Purus, at varius nibh eget ligula.","Amet, vulputate nulla non ex tellus lacinia. Id nec ultricies ornare ante curabitur, sed tincidunt massa molestie viverra sociosqu! Natoque ullamcorper ante est sed. Aliquam rutrum semper torquent nec pellentesque duis, vel. Ut, convallis varius. Urna pulvinar vel nec consequat, donec. Sociis nec lorem tincidunt, et in, penatibus. Tellus vel, malesuada nunc vehicula adipiscing ipsum, dolor. Sollicitudin sapien, ut, vivamus eget sed eleifend libero. Finibus vel nisl mi tempus faucibus vitae. Ac donec tempor in sapien, nulla odio! Facilisis eu tempus, augue magna condimentum faucibus egestas urna, ut. Est potenti facilisi non, sed imperdiet. Pulvinar sollicitudin scelerisque, imperdiet aenean primis sed phasellus cursus faucibus! Cursus non vel nunc rutrum augue metus nostra. Arcu mollis, erat justo torquent quis taciti vestibulum non.","Neither Agree or Disagree","MEX;CAN;UK","opt1"
16,"M",37,"Agree",NA,"Strongly Disagree","Very Often","Rarely","Metus eu non mollis et in ut, amet magna. Metus et fringilla eu arcu orci varius nulla montes. Ut aliquam nisl aenean vitae nec erat est torquent. Auctor ultricies ac lacinia finibus malesuada aliquam, pharetra phasellus consectetur. Dui penatibus lectus lobortis ultrices ante. Dolor nisl ligula quam elit! Parturient, nec convallis enim et non sit sit. Sem, fermentum, et sem nec penatibus. Dignissim nostra sollicitudin magnis nisi non dolor mattis inceptos sociis laoreet faucibus. Neque amet aliquam ut volutpat.","Non orci efficitur sit, neque, cursus quis leo cum. Tempor volutpat nec at eget turpis mus. Amet, ante, aliquet purus ultrices. Nec ac nascetur. Odio at ornare sed. Ullamcorper vestibulum eu tempus in et egestas dui erat purus. Tortor accumsan cum non mauris vitae ut. Nulla sodales dictum faucibus. Tristique in in tempor eget leo, laoreet, sodales ante cum sem rhoncus. Leo varius eros eros in etiam.","B","MEX","opt4"
17,"M",44,"Neither Agree or Disagree","Strongly Disagree","Strongly Agree","Often","Never","Ut quis maximus eget. Risus sed eu, amet penatibus cras. Ullamcorper ut porttitor eu in morbi. Ac lectus semper non varius. Cursus quam aliquam eu convallis pretium nam sed sed aenean elementum. Tortor ac imperdiet metus vestibulum velit vel. Ut diam, in. Volutpat auctor tortor dignissim mollis suscipit ligula consectetur tempor ac imperdiet. Rutrum porttitor, sociosqu. Justo justo, aliquam, non conubia, leo et torquent ut fusce, curabitur. Ut sed vel posuere ante nascetur nulla, sed nostra mi. Sapien laoreet fermentum sed convallis, lectus facilisis tincidunt primis himenaeos malesuada senectus. Eu porttitor gravida et, turpis in ut neque purus eget augue ipsum ex. At mi, sapien sed aliquet semper, lacus. Sed maecenas scelerisque in sagittis nec nisi conubia augue, pellentesque penatibus aptent quis.","Tincidunt nulla inceptos, sed nec sed arcu non. Venenatis penatibus interdum nam lacinia. Auctor ultrices id, vitae primis ante sed leo at vestibulum mi, eget ligula. Odio eget vestibulum, mauris lobortis ac accumsan nunc non ridiculus dictumst. Sed urna mauris erat ac. Curae quam ut velit quam ac felis cursus! Leo sed, orci maecenas turpis et, eget sem mauris. Ut lacus, justo, volutpat at non sem id ante nunc luctus orci. Class imperdiet molestie diam accumsan.","Neither Agree or Disagree","US;UK;CAN","opt1"
18,"F",21,"Strongly Disagree","Strongly Agree","Strongly Disagree","Rarely","Often","Eleifend suscipit fames, dolor accumsan nullam. Enim, ad sed pulvinar feugiat volutpat vehicula sed neque nulla, commodo? Conubia posuere et molestie viverra dui eu ut sodales rutrum sodales. Nisi dapibus efficitur nunc dui est nulla rutrum. Ridiculus justo amet ligula. Scelerisque nunc, nulla sed sagittis ad class quis. Accumsan ac quam sed sed litora sed sodales ut. Risus praesent, vivamus ante senectus sed. Volutpat ut feugiat, amet ac faucibus lectus quis sem. Ad mauris netus. Penatibus vel id taciti vehicula magna sed. In nec non risus pellentesque est urna vestibulum aliquet placerat purus, ut curae porta. Porttitor per maximus eget et et. Per luctus ante class mauris! Ullamcorper sit ipsum libero et enim at a mattis cubilia. Efficitur mauris faucibus tempor mi.","Vulputate ut lorem conubia faucibus at vel mi nulla? Pellentesque, sed arcu porttitor consequat consequat est nulla ut dui interdum. Potenti quis, tortor dictum eu quis! Odio pulvinar pharetra sapien aliquam, sed, vel inceptos tempus mauris. Ut mi mus maecenas et donec ad in suscipit, curabitur. Torquent a in. Orci praesent faucibus quis diam dui sapien egestas ipsum amet. Tempor ante pharetra turpis quam.","A","MEX","opt2"
19,"F",62,"Neither Agree or Disagree","Strongly Disagree","Disagree","Often","Often","Curabitur egestas ut ut porttitor cursus, ac lectus? Ut et adipiscing maximus, nisl congue, consectetur mauris. Sapien curabitur lectus est erat ornare fames nullam. Sit faucibus rutrum nulla velit pellentesque fames. Convallis vitae ut, magnis nisl, sapien velit, euismod, mauris condimentum augue, placerat vel nullam facilisis euismod. Auctor sollicitudin tincidunt lobortis ridiculus quis, lobortis sit lacus aenean aenean netus. Ultrices, sed lacinia sed, malesuada. Turpis erat aliquet lorem enim tristique auctor sodales amet.","Semper sed praesent auctor accumsan, hac commodo sed, integer aenean sagittis. Diam convallis diam quis ipsum vivamus eget sit eu. Finibus sit viverra. Vestibulum dolor id porttitor nibh mauris ex eros et eleifend est. Ligula non ac ante. Nulla orci magna, molestie a arcu ut vestibulum, lobortis in. Amet magnis dictumst quisque nibh. At accumsan in venenatis iaculis, non posuere felis. Turpis accumsan diam aenean taciti eros amet ac in, quis interdum sed! Sed ac faucibus, natoque semper nec nibh aliquam. Aliquam justo amet ipsum inceptos convallis ut.","Neither Agree or Disagree","","opt1"
20,"F",48,"Disagree","Strongly Agree","Neither Agree or Disagree","Sometimes","Often","Mollis, eget, vel, sapien odio dignissim ipsum nascetur mus libero magnis sed, torquent. Lacus pharetra est duis ac eu ligula cubilia nostra! Consectetur nibh habitant sed odio posuere ullamcorper auctor velit laoreet. Nostra placerat consectetur amet, non sed leo libero sed id mauris. Tempor eros mollis convallis tristique venenatis tristique, ut rutrum cras. Nullam bibendum sollicitudin magnis. Metus sed sit in semper elementum cursus dictumst nulla. Tellus, sollicitudin fames parturient condimentum, scelerisque. Et id sem eu at pellentesque vel sollicitudin sit id nulla. Amet egestas nisi sed vehicula metus et. Elit cubilia hac aptent mi. At malesuada eget amet et quam mi varius, est curabitur. Nisi, nec sed maximus, potenti in. Iaculis sed facilisi in.","Neque vel sed placerat sed vitae sed vel facilisi. Magna tempor, fusce malesuada ac id lacus facilisis, vivamus magna. Id, ac, velit amet justo ut, sit duis vivamus. Nibh vitae id eu velit in, varius, feugiat ligula? Malesuada metus libero porta curae volutpat suspendisse tortor, auctor commodo pharetra orci facilisis. Scelerisque sed nisi facilisis vitae et. Maximus pellentesque erat phasellus enim non, erat elit tincidunt eros purus vitae. Curabitur arcu sed convallis sed erat nibh justo amet egestas. Nec lacus velit, est adipiscing natoque porttitor. Sed vitae phasellus nibh volutpat nisl eu nam et sed. Mi nunc sit fusce venenatis erat sed penatibus quam. Augue ipsum, mauris non per consequat aptent fusce, at.","A","","opt3"
21,"F",22,"Disagree","Neither Agree or Disagree","Strongly Disagree","Rarely","Often","Neque eu nulla vehicula, et, vestibulum vel sollicitudin eu. Sem sed sociis phasellus aliquam sapien dictumst eget in pharetra? Vulputate fusce sed, magna auctor, sed, aliquet. Nunc, lobortis magna feugiat molestie nunc morbi, vel id dignissim tempus, habitasse, lectus. Tellus sed ultrices in malesuada ac ut, pretium. Felis in placerat egestas sagittis lacus pellentesque. Est condimentum cum, auctor curae.","Ipsum interdum fermentum, et in, dui tempus adipiscing facilisis gravida. Duis fermentum sed dictum, ridiculus lobortis taciti maecenas porta, at posuere feugiat, dolor. Massa mus praesent et sed magna dictumst quis. Porttitor, aliquam, dignissim lobortis dui sodales, ac eleifend mi porttitor. Luctus eu enim pharetra eu? Hac ultrices massa at blandit. Diam, in platea nec dolor malesuada mollis. Eu, elit, amet mauris blandit nibh adipiscing, sed velit nascetur ut odio. Consectetur porta. Dictum netus cubilia a dui, et et. Nec posuere aliquam purus, potenti non sed urna. Dui nunc sed tincidunt vel et, senectus habitant.","A","","opt2"
22,"F",54,"Disagree","Disagree","Neither Agree or Disagree","Very Often","Rarely","Dictum ante semper elementum ipsum sodales gravida egestas. Eleifend imperdiet pellentesque commodo, duis feugiat sed etiam tempor imperdiet egestas faucibus. Dapibus, vulputate. Nec, massa at habitasse vestibulum sed. Dolor ullamcorper sed purus imperdiet volutpat fames. Sed vel laoreet pulvinar sapien, id pretium sed. Suspendisse praesent ut tincidunt eu eu eros duis proin tincidunt et nullam. Et viverra malesuada consectetur sem fames lacinia. Egestas eu orci sed eu fusce ipsum nibh. A platea sem elementum non nec felis urna in at. Sed metus ultrices, potenti sodales cubilia sed eu. Nulla, odio placerat. Etiam etiam lacus non eu porttitor eget. Vivamus nibh et magnis aliquam torquent taciti, ac sapien luctus integer. Sodales potenti a nec.","Volutpat dapibus morbi, tempus dolor luctus eget auctor. Quam etiam suscipit enim egestas, aenean et. Mus luctus vel lacus id. Sed proin facilisis accumsan, interdum. Nec quam donec sem ultricies eleifend? Nam litora mauris tortor cursus. Maecenas pellentesque malesuada non sodales nunc a cubilia, mauris pretium penatibus vehicula purus. Consequat dis senectus nulla. Tempus faucibus aliquam, urna ligula nunc tortor in conubia.","Strongly Disagree","CAN;UK;MEX","opt1"
23,"M",63,"Strongly Agree","Neither Agree or Disagree","Disagree","Very Often","Sometimes","Nec varius malesuada ac sit tristique ante mus quis laoreet. Habitasse laoreet at ullamcorper iaculis metus ultrices lacus. Neque netus non ut dolor eget quis amet fermentum. At sed sapien eros imperdiet turpis vitae in tristique varius eu aptent. Libero aliquam vivamus nascetur? Ut dictumst justo faucibus, volutpat, nisi at dignissim etiam sociosqu nisl. Imperdiet mus quam et, nunc dictum efficitur massa sed. Quisque fermentum lorem eget, dui. Eu augue at elit turpis. Mollis cubilia integer laoreet nibh a auctor. Eget et id mauris maximus cursus. Vestibulum magna vestibulum sed nunc platea. Ut est faucibus, gravida ac, in potenti tristique sed, vulputate torquent dictum convallis. Id donec amet nunc ante metus, eu.","Quis vehicula non. Pellentesque nibh condimentum hendrerit iaculis habitant ornare. Ipsum magnis, sed eu. Vestibulum diam, in dictumst facilisis purus augue. Tempor velit augue dolor, quis, vehicula mi, iaculis dolor ut. Efficitur faucibus lobortis etiam nunc eros interdum facilisi elit. In sed litora id finibus quis amet eleifend ut vitae arcu et. Finibus tempus vel, ante vestibulum pellentesque non pharetra metus. Ut tellus vestibulum varius arcu lacus purus, eleifend purus fames. Ultricies in, elit lorem mauris ac eu, tincidunt. Condimentum commodo vitae sed, ac rutrum dolor. Condimentum mi est velit amet dapibus nibh nec interdum. Et ut dolor ex mattis potenti tortor.","A","MEX;CAN;UK","opt2"
24,"M",37,"Disagree",NA,"Agree","Never","Never","Id praesent sodales ac eu aliquet in sodales eu egestas erat. Pellentesque conubia proin pulvinar nec, est ipsum vestibulum. Tempus pellentesque ac dis ornare ex et auctor scelerisque. A ornare rhoncus ultricies suscipit lobortis amet, ut mi! Ullamcorper lectus tempor, elit aliquet montes finibus a curabitur primis. Id, turpis felis augue arcu amet mi egestas. Velit orci, justo et dignissim rhoncus in. Purus malesuada sed amet mus fusce penatibus urna. Vestibulum ullamcorper, in congue facilisis egestas mus.","Massa penatibus montes mauris donec, sed mattis, sociis quis in. Magnis, nulla tortor vestibulum platea sed eleifend aliquam metus. Inceptos quisque vitae sed aliquam et sit purus massa accumsan. Cras nisl ut sed mauris. Mi ut phasellus, interdum pellentesque habitasse pellentesque. Dictumst taciti, nam quis, sed. Justo non purus, vestibulum torquent sed justo varius velit a velit et. Nostra ridiculus, ridiculus, non et eu non curabitur mattis tellus. Massa fringilla ligula ac ut at, placerat senectus sed eu interdum. Mollis neque diam dui tempus aptent tempor mollis, sed. Lectus leo eu sapien sed. Sollicitudin mus ut.","Strongly Disagree","US","opt5"
25,"M",49,"Strongly Disagree","Strongly Agree","Agree","Sometimes","Rarely","Vivamus urna dis purus mauris finibus sed senectus? Eu rhoncus natoque, sapien consectetur molestie aliquam ac egestas sit bibendum. Senectus, amet ornare luctus quis nisi. Accumsan ac leo egestas ut erat viverra et. Rhoncus, in mauris nam, accumsan habitasse aenean in condimentum. Commodo magna nisi, fusce, montes, quisque, euismod vitae neque fringilla. Finibus etiam feugiat viverra tellus, sodales tellus pharetra. Dui ultrices tempor dui. Conubia id mauris aenean magnis litora nullam. Nec erat sed, consectetur tortor arcu ultrices in, in. Feugiat nostra sit class et consectetur lobortis ullamcorper. Sed ultricies interdum velit.","Nunc fames, ac rhoncus urna sit ac class. Mauris magnis, ac mauris quis. Purus phasellus sapien potenti fames ex nibh sed pretium justo sed ultricies cursus nam. Volutpat accumsan massa tristique odio molestie ac. Vitae parturient congue himenaeos ac sed? Pulvinar rutrum duis in. Lorem ornare tristique, dignissim, ut dolor tristique. Tempus sed sed cras ullamcorper nascetur purus lacus ac. Tellus nec tempus inceptos felis potenti aptent sed. Mi nam massa enim sed. Amet mi nisi justo libero pharetra quam. Sed nisi nec, in et dui in cras.","B","","opt5"
26,"M",49,"Neither Agree or Disagree","Neither Agree or Disagree","Strongly Disagree","Never","Very Often","Blandit habitant ac in non sed, orci porttitor quis dui posuere mollis. Ac pharetra senectus, velit praesent, ut tristique, euismod semper ac vivamus convallis vitae tincidunt mattis. Facilisis aliquam nibh urna eget sem rutrum. Luctus luctus eros, vitae dignissim, commodo et id. Pellentesque nibh, purus vitae, at. Adipiscing sed conubia. Non eleifend lobortis gravida lobortis mauris eleifend felis sit. Placerat et, blandit dolor quis nec pharetra et. In proin potenti elementum et urna nulla pharetra erat pharetra. Parturient diam ad arcu aenean porttitor ligula curabitur ultricies nunc nec aliquam. Mauris ut scelerisque purus magna aliquam quisque mattis. Integer gravida potenti sit torquent felis? In velit praesent blandit sociis nec. Nulla, nunc torquent inceptos laoreet leo eget ac sed erat magna. Aliquam leo turpis. Quam, sed pellentesque mus lacus, a cubilia sed.","Sit nisl, varius feugiat duis, magna, sed ut torquent diam. Proin faucibus non mauris lacinia cursus et. Velit consequat ligula penatibus integer. Mauris tortor sem est, mauris, rutrum dictum id eu. Inceptos adipiscing luctus in sit aliquam, nulla lacus. Tempus fames porta justo vestibulum enim quis. Tincidunt sed donec lacus mus varius eu interdum sed sed aliquet. Est metus conubia facilisi mauris non eu maximus. Pharetra ac egestas eu luctus. Primis, ac dictum congue ante ligula. Sed libero nec est ut vel quis, fermentum.","Strongly Agree","US;UK","opt5"
27,"F",44,"Strongly Disagree","Strongly Agree","Disagree","Often","Sometimes","Ac duis, mollis enim praesent in. Nulla ut, non primis, pretium aliquam, sed consectetur felis. Ac mattis sed. Convallis placerat facilisis amet dolor sed interdum nostra vehicula amet. Nec vehicula suspendisse. In, sed pharetra eu finibus sed sed turpis mauris per sagittis auctor urna. Iaculis ullamcorper nec ullamcorper morbi in.","Feugiat felis iaculis donec, in gravida erat. Ut, facilisis dis leo nibh ut fermentum malesuada tellus. Himenaeos senectus turpis sit porta eros lectus, arcu. Nulla egestas sed ut consequat vitae. Semper a amet sed. Tortor sapien amet aliquam a, at tristique magnis? Eu, vitae, facilisis taciti pulvinar phasellus convallis ad viverra ac libero. Ut quisque etiam class nulla facilisi sem feugiat quam faucibus, augue.","A","CAN","opt3"
28,"M",63,"Disagree","Strongly Agree","Agree","Rarely","Rarely","Ac velit tincidunt inceptos et fermentum donec velit. Condimentum nullam viverra, sodales. Habitasse ac et platea scelerisque tincidunt iaculis. Nisl felis lorem mauris nulla. Eget ut senectus posuere gravida tortor, purus suspendisse. In sapien sed nullam, mauris ut in ligula, torquent sapien. Cras tellus enim integer aliquam mattis nec aptent. Condimentum erat curabitur eget egestas senectus in efficitur. Ipsum velit, luctus vitae a varius pharetra nec. Fringilla blandit sed, lacus. Hac potenti felis sed eget nam taciti aliquam pharetra mi vel ac. Rhoncus in suspendisse quis taciti vitae, non mi. Ut vel nec bibendum, sed. Quam amet neque ridiculus nulla pellentesque consectetur mi facilisis.","Nunc luctus torquent platea nec, magna et a, sapien non. Nunc ligula tincidunt suspendisse per. Primis phasellus, dapibus, tortor pulvinar mus a at convallis. Ex habitant nulla et in. Duis potenti iaculis id blandit sodales fringilla dolor. Accumsan interdum. Facilisis sapien non maximus, et ex dolor potenti eu a et. Vel, mauris odio et leo metus quis pulvinar ullamcorper id ac.","Disagree","CAN","opt3"
29,"M",64,"Agree","Disagree","Strongly Disagree","Often","Often","Egestas curabitur tristique fermentum nibh a leo ex id non. Quis quis maximus euismod proin himenaeos sed congue. Suspendisse eleifend ligula et, augue imperdiet class nibh, ac sit curae eu. Porta dictum, per luctus ac lobortis phasellus sit lacinia molestie quam vitae pellentesque. Habitasse et nisi cubilia auctor facilisis natoque placerat class a fringilla. Pulvinar orci tristique vivamus nunc elementum ut vehicula, augue eu diam purus mollis. Placerat sed in at nibh. Sed sed sagittis ut convallis mauris iaculis aliquet natoque. Felis, luctus non habitant felis odio, eros sapien nec. Pretium duis varius mauris ex consequat vulputate, et quam in. Neque sem. Consectetur, volutpat pellentesque varius enim et egestas sit lorem vivamus quis etiam consequat.","Sodales tellus aptent quisque volutpat aenean curabitur nisl egestas. Vulputate in eros ac viverra enim massa in in mattis class consectetur. Ac in pharetra eu nibh elementum odio class posuere. Feugiat tortor eget lobortis, sit ac sed quam lobortis lacinia aliquet. Leo justo, adipiscing ipsum varius leo sed rhoncus suspendisse. Et pharetra ut consequat duis. Non inceptos dictum sed, ipsum nullam sociis felis tincidunt. In, leo tristique non pellentesque. Pellentesque eu parturient, dictum faucibus dignissim. Vestibulum augue, potenti et odio duis tempus. Class, aliquam molestie, bibendum, ut massa ac.","A","MEX","opt4"
30,"M",54,"Neither Agree or Disagree","Neither Agree or Disagree","Agree","Never","Sometimes","Vivamus pulvinar, ante enim mauris, turpis egestas et rhoncus pellentesque. Dolor sed egestas egestas erat blandit leo ornare nibh lectus velit a tempus. Sed pellentesque nulla sagittis suspendisse, purus metus senectus, risus primis aptent? Dapibus eu laoreet tellus scelerisque auctor eros. Vitae eget suscipit et, senectus tempor efficitur in eget eros eget, eu potenti. Nunc, nostra parturient non, aliquet nisl nulla ac risus congue maecenas lacinia. Conubia fermentum, neque dapibus justo dictum malesuada in iaculis magnis. Montes vivamus sem eu. Quam felis mollis ultricies vestibulum netus ut facilisi augue netus sodales sapien proin.","Ipsum, nisi, euismod, dui nec risus dis sed orci leo. Suscipit eleifend porttitor tortor netus mi sed. Lorem, nec tincidunt habitasse est tempus. Pellentesque senectus penatibus diam id fermentum donec tortor habitant. Lacus vestibulum, id in arcu. Imperdiet ultrices suscipit et arcu in dolor fringilla, in. Vitae cum tincidunt massa nunc faucibus. Senectus elementum, ligula ultricies congue odio sed vel dui accumsan, parturient phasellus. Elementum penatibus per sit, ultricies. Libero blandit metus, integer vel natoque cursus vel per, erat nam leo ligula elit. Mauris risus mus iaculis, in curabitur. Diam faucibus per tristique, justo. Faucibus sed, id amet vel malesuada interdum condimentum etiam fermentum suscipit mauris vel. Velit arcu pulvinar. Tempor semper pretium volutpat, augue vulputate vestibulum magnis non pulvinar.","Disagree","MEX;US","opt1"
31,"M",33,"Neither Agree or Disagree","Strongly Agree","Strongly Agree","Often","Often","Eleifend, ipsum ipsum rutrum rhoncus. Sapien class pellentesque diam sit dui egestas. Vel accumsan quam lacus dolor, quis pellentesque vel non justo pulvinar habitasse. Accumsan, mollis id sed vestibulum elementum in habitasse eleifend. Blandit cum ligula ligula varius natoque morbi eleifend parturient ut a vitae, nec? Est dictum sodales sed gravida enim mollis. Etiam sociosqu, magna, metus. Eu ut auctor, euismod lacus justo ac in nascetur lobortis. Nibh aenean nam, sem in scelerisque at aenean. Et quam ligula hac donec, curabitur porttitor, est id rutrum. Vivamus lorem posuere feugiat sem ac faucibus. Donec eros vestibulum cursus, et faucibus mi. Hendrerit senectus tempus eu ac, cras lectus sodales. Sit varius felis vitae sed pulvinar consequat class.","Morbi ligula torquent orci. Ullamcorper ac mauris mi tortor aliquam. Erat dolor semper nulla pellentesque lorem sed nascetur netus. Ac risus et, nibh himenaeos. Elementum ut urna consectetur dapibus quis magnis, ut nec, rutrum, fusce feugiat. Vestibulum nisl ultrices quisque. Platea euismod convallis nec, sagittis ligula pellentesque montes sed mollis lobortis porta.","A","CAN","opt3"
32,"F",63,"Agree","Agree","Disagree","Rarely","Often","Ligula, at mauris sagittis felis, fermentum sed. Ad erat himenaeos aptent ut accumsan. Orci inceptos, at mollis maximus erat porta. Nulla vehicula integer commodo ex aenean, conubia varius dui ante. Auctor porttitor eros vitae porttitor sagittis, sem ac quam. Ligula nisl cubilia quis purus! Dapibus eget lacus bibendum, ligula in, congue. Lacinia nullam mollis. Condimentum in sed odio in quis sed a mauris quam at leo. Quam hac in dictum facilisis ac metus ligula etiam non porta feugiat mi. Et vitae condimentum penatibus pellentesque et amet natoque elit nam. Quam class nec conubia sociis sem commodo bibendum pulvinar amet pulvinar. Dapibus sed iaculis suscipit sapien ante facilisi gravida vel sed. Posuere diam est nunc. Dui quam metus magna et et, praesent non, lorem. Laoreet mauris quis suspendisse in in egestas aliquet in pellentesque justo erat. Tincidunt nibh malesuada curae velit porta tincidunt mauris enim in sed taciti. Quis, litora.","Placerat per maximus in vitae sed malesuada aptent ad magna lectus egestas. Est aenean diam massa tincidunt parturient ipsum quisque at. Fringilla phasellus porttitor nisl vulputate erat tristique litora. Potenti quis non pellentesque sapien curabitur. Metus mus etiam nec eu parturient. Venenatis nibh viverra, et elit porttitor varius sit donec amet, odio, primis elementum parturient metus, efficitur amet leo. Quisque elementum, quam purus, amet luctus, sagittis et. Augue turpis lacus nisl ante primis et mauris parturient bibendum pellentesque proin, ligula. In lectus bibendum convallis congue amet nascetur facilisis. Dolor aliquam torquent nunc pulvinar dictumst, fringilla primis. Quisque ut per nisi lacus mauris, egestas sed in. Nullam suspendisse. Diam neque nec posuere per sed pharetra tempor.","Disagree","CAN;MEX","opt1"
33,"F",28,"Agree",NA,"Agree","Sometimes","Very Often","Ac amet dapibus sed ligula conubia habitasse etiam lacinia nam sit. Nostra commodo egestas ipsum sit mi et proin posuere augue erat, porttitor. Metus maecenas lectus erat ac vitae, magna erat, ultrices. Vel, pulvinar in ut sollicitudin at felis sed sed fames faucibus in sed. Mauris non at dolor. Eu sit. Posuere nulla a non eu inceptos nibh! Sed tellus nullam cubilia suscipit lorem ut, venenatis in. Orci tortor nunc dolor morbi eget enim penatibus luctus.","Lacus vel phasellus himenaeos mi vitae sed ut conubia, molestie sed, sem? Erat imperdiet volutpat et quis placerat conubia platea himenaeos. Facilisis, ex metus placerat arcu consequat et. Libero convallis enim nostra himenaeos, orci tempor. Commodo tristique sed ornare nam eu pellentesque finibus, odio cursus. Tortor rhoncus congue in. Elementum non ac, amet id consectetur interdum nisl eros sit amet penatibus. Porttitor justo, nibh dui, rhoncus ac lacus porta rutrum maecenas volutpat. Interdum sed, suscipit fames eu aliquet ligula sed eu.","B","","opt2"
34,"F",47,"Agree","Disagree","Neither Agree or Disagree","Often","Never","Ac sed dictumst massa mollis purus suspendisse. Eleifend et parturient, augue leo felis cursus fringilla quam ullamcorper vestibulum ante nisi. In odio, torquent amet, porta a vivamus. Sed iaculis cubilia placerat. Sit metus amet nec tempor. Varius turpis sagittis sed. Maecenas egestas habitant ut efficitur tellus posuere sem facilisis, id nulla ornare. Id orci lectus, neque turpis nisl ultrices. Donec, non velit et quam, integer donec id, aliquet ac ipsum. Finibus est donec, tincidunt ut odio, blandit. Quisque nulla purus eleifend blandit non, condimentum sed dignissim.","Lobortis in dapibus in mollis sollicitudin, felis. Leo maximus pellentesque risus sed velit tellus. Lectus condimentum, egestas, ut, montes tincidunt sodales. Tristique tempor molestie ut id velit. Pellentesque leo arcu, id duis ac nibh elit. Eu condimentum nam, posuere magna penatibus nisl iaculis nisi hendrerit nunc tincidunt. Ipsum eu laoreet ut tincidunt phasellus sapien, et. A sit in habitant nibh ornare ridiculus consectetur. Lacus risus sit maximus ut porta adipiscing sit lectus suscipit nisl nec. Lobortis sed diam elit tempus. Tincidunt at venenatis cursus nostra ut. Aliquam vehicula scelerisque eros. Adipiscing cursus duis in dui purus sem ligula cursus. Feugiat efficitur metus vulputate faucibus. At finibus, ac hendrerit fringilla ultricies inceptos. Ullamcorper eros ut libero eget auctor, est class.","Disagree","","opt5"
35,"F",55,"Strongly Disagree","Strongly Agree","Strongly Agree","Never","Sometimes","Et et erat ut, donec tortor ad augue litora semper. Aptent quis accumsan himenaeos non interdum vitae ipsum purus lacus leo. Ante leo sociosqu donec sed massa tempor turpis vel eros a, in. Tempor ac quam taciti pellentesque auctor in. Vitae eget pellentesque nunc, dui fermentum. Quis, venenatis adipiscing erat orci donec massa senectus ultricies. Morbi ullamcorper nec lobortis euismod luctus amet eu. Porta elit tellus elit arcu placerat. Quis euismod cursus congue ridiculus convallis sociis. Etiam in arcu luctus, integer elementum maecenas ullamcorper. Ullamcorper nullam nisl laoreet mauris finibus in porttitor etiam. Luctus in vestibulum facilisis volutpat adipiscing eu, class, vestibulum. Ac lacus mauris. Nec inceptos ipsum tempor placerat viverra.","Dui at conubia at class. Dolor ut pellentesque purus risus dolor montes sed vivamus amet. Blandit posuere lacus, quis commodo vitae lorem mattis elementum. Sociis ultricies nulla ante eget in. Maecenas, mattis placerat eleifend vulputate. Metus libero nisi nec commodo nunc ac? Vestibulum auctor pretium venenatis ut. Egestas malesuada lacus hac iaculis fusce, consectetur id dictum. Curabitur tincidunt posuere amet gravida sem feugiat phasellus est posuere. Vitae urna sit feugiat lobortis lorem fringilla ex sit dictum tincidunt diam.","Agree","","opt5"
36,"F",41,"Strongly Agree","Agree","Strongly Agree","Sometimes","Never","Lacinia vehicula eget ut ut. Dis fusce, cras eros erat. Maximus adipiscing per lacinia, sodales nibh penatibus ipsum! Ac maecenas sed, a a, varius inceptos enim velit risus. Laoreet orci nec sociis, sed tempor ad. Primis etiam at nunc, ad morbi non. Ut sed, id lacinia hendrerit ornare tempus. Suspendisse augue conubia urna et justo at. Per duis, penatibus, eros praesent porta proin nisi, morbi, eget dignissim. Sed id a in, lobortis enim, nulla ornare.","Amet ut imperdiet interdum vel cras metus vel suscipit nisi. Blandit ut mollis litora nunc arcu feugiat pretium ad curae. Ex amet, orci leo purus vulputate. Duis a magna pharetra ex curabitur at. Efficitur purus dapibus curae hendrerit risus eget id aenean nostra. Ut curae gravida ut pharetra convallis sem. Ultricies, tempor ad nulla. Sapien amet ante sed. Etiam, cum quam sodales sit finibus, ultrices purus convallis vitae ut. Quis, magna et. Ipsum aenean placerat nec, leo sed sed donec.","Disagree","UK;MEX;US","opt2"
37,"M",43,"Strongly Agree",NA,"Strongly Disagree","Sometimes","Sometimes","Non nascetur. Lacinia enim dolor curabitur rhoncus ut turpis hendrerit nunc nascetur. Velit mi dis aliquet et. Laoreet nam vel iaculis enim pellentesque massa himenaeos, nisl est cum potenti. Class vitae turpis amet ante lorem efficitur sapien sed. Massa elit ut ac convallis. Fermentum sed praesent libero facilisis pellentesque eget tellus, ac. Sit sed erat amet montes erat donec netus.","In ut et sociosqu pellentesque tempus sem tempor. Hendrerit et pharetra. Risus scelerisque parturient efficitur urna in eros nostra venenatis ultricies, non penatibus. Odio ut dolor et in. Quis primis molestie, venenatis lobortis libero netus ut in praesent. A luctus id nisl nostra. Porttitor adipiscing tristique varius nisi nunc magnis massa morbi purus. Dignissim elementum in. Turpis in ac consequat bibendum ligula ut, montes ante.","B","UK;MEX","opt4"
38,"F",37,"Agree","Disagree","Strongly Disagree","Rarely","Very Often","Tempor sed sed habitasse enim ante eros. Diam facilisis, facilisi nascetur venenatis montes ut torquent facilisi, sed ante risus. Tortor dapibus dapibus nisi, vestibulum iaculis blandit volutpat metus neque sed. Potenti lacinia conubia est sit mollis sagittis platea facilisis. In tempus pellentesque et ligula, a dui aenean pharetra. Integer quis in, vitae velit. Cursus, sed eros ligula pharetra, augue nec litora at sapien! Dictum vitae vel nunc pellentesque tempus. Nulla tincidunt nibh eget ridiculus leo, ex tristique, sit viverra, in turpis tellus, in scelerisque sodales. Finibus ex nostra justo. Pellentesque dictum primis velit eget. Ligula vestibulum sed eu quam, leo in sagittis viverra, facilisi quam.","Nibh velit in himenaeos volutpat, et mollis convallis nec sit. Tincidunt, elementum, venenatis auctor elementum eros, consectetur libero nunc. Varius erat amet faucibus neque, semper consectetur aptent non. Risus nisl fusce cubilia enim nec erat ut. Sit et congue tincidunt. Tellus cursus interdum vestibulum at auctor, in. Litora primis rutrum, eleifend enim aptent commodo. Augue, laoreet sagittis mi nullam parturient dis. Vel parturient congue vivamus ligula in. Ut senectus convallis id suscipit habitant tempor mollis vestibulum, quam. Nascetur condimentum curae vestibulum, tristique sed posuere. Primis fusce eu! Sit velit sed fermentum rhoncus sed faucibus libero risus elementum sit. Sapien in ut purus nec rhoncus tincidunt egestas porttitor nisi sed etiam ultrices sed.","Neither Agree or Disagree","","opt4"
39,"M",20,"Agree","Strongly Agree","Strongly Disagree","Often","Often","Sociosqu massa, volutpat rutrum. Facilisi condimentum non. Enim at augue. Accumsan diam, amet cubilia aenean adipiscing dictum, blandit, venenatis primis eu. Ipsum id nascetur sed sagittis vitae. Torquent sed placerat et, suspendisse nec. Netus nec suscipit tellus, aptent ac ut aliquam neque. A, erat vel justo nam, iaculis luctus luctus tincidunt. Malesuada mattis tellus phasellus conubia, lorem commodo. Sagittis curabitur ante in est tristique at.","Vitae nisl sapien nisl fusce placerat ad mi euismod. In nulla in iaculis curabitur, ultricies fermentum sem velit dictum nunc. Dolor cubilia lectus, sed erat non tempor non elementum, elementum. Ipsum sollicitudin sed at turpis gravida pellentesque et. Pretium netus maximus ut. Placerat nec potenti, nibh condimentum blandit aliquam mauris. Class leo sem sed elit ut phasellus ultrices. Fermentum, dapibus mauris non sollicitudin, ipsum, amet congue.","Agree","UK;MEX;CAN","opt1"
40,"F",54,"Agree",NA,"Neither Agree or Disagree","Very Often","Never","Viverra, tellus amet, sed vel accumsan aliquam auctor. Convallis vel augue hac condimentum ac interdum leo netus. Et ullamcorper libero sed sed facilisi arcu ac. Leo faucibus orci dapibus felis duis. Ut sapien, tempor, nulla molestie et et efficitur. Enim pharetra eros id velit. Dolor volutpat diam eget ultricies auctor. Elit ut sit mollis montes aenean a non at. Netus non, augue amet sapien maximus curae, sed convallis urna vulputate. Turpis tincidunt montes nascetur et curae id nulla nullam? Tempus vel sed a in felis eros, fermentum nascetur varius facilisi. Taciti neque taciti, lacus sapien dolor amet.","Facilisi rhoncus nibh, ipsum sapien donec urna convallis eget. Aptent cursus et, ullamcorper purus ornare mauris. Felis at vitae in velit elit, magnis fringilla. Rhoncus dolor massa nisi urna amet dolor posuere eget sociosqu nullam. Magnis, ut sit felis tincidunt nisl nec libero eu. Sed fermentum egestas id ante bibendum convallis senectus ut ac. Fermentum morbi potenti sem, quis mi ante eu et. Metus malesuada scelerisque et non ut. Nulla a ante dapibus quis eleifend nulla, varius. Purus et aliquet laoreet sapien pellentesque lacus auctor aliquam viverra in blandit felis eu. Sed vestibulum quam amet elementum nisi tortor sem. Quis imperdiet at, vel mollis tristique. Faucibus sem consequat sit, maximus ut. Tempor, adipiscing sociis, aliquam sed feugiat gravida placerat dolor eu amet. Vel vel bibendum, eu quis vulputate sed. Tellus suscipit mi, per gravida sagittis erat eget erat.","Disagree","US;UK;CAN","opt4"
41,"F",47,"Strongly Disagree",NA,"Agree","Never","Rarely","Mauris aliquet sed lorem sit, pellentesque ex imperdiet. Torquent tellus ultricies facilisis nibh consequat dui, sed proin viverra elementum. Per, tortor dis, elit. Arcu non curabitur erat interdum interdum orci est convallis nec conubia eget. Ut donec sit donec consequat sed eget, per nunc sed pellentesque justo pellentesque mauris viverra lobortis. In in diam leo diam, et praesent mauris ac suscipit. Auctor mollis eu turpis duis eu finibus velit nec nec. Dui, cum tempus praesent vel sed convallis justo suspendisse, nulla venenatis, sit. Tincidunt et ullamcorper sem metus praesent erat. Nullam suscipit molestie euismod. Volutpat varius iaculis gravida, aliquam pellentesque. Ut nibh, vestibulum sed luctus. Nibh lorem ac interdum tortor nibh, ante orci. Porttitor porttitor at mi dictum mi, semper primis, non amet fames. Penatibus eget vitae pellentesque ligula et eget nec vehicula imperdiet augue. In ridiculus viverra vitae sed nulla. Semper arcu bibendum at justo, sollicitudin interdum luctus. Vel rhoncus dis amet lectus nascetur.","Sit lorem taciti scelerisque purus elementum velit eu diam. Tortor nec ut curabitur diam fringilla ullamcorper. Sed phasellus adipiscing, sapien sit ac eros. Rutrum non sed nam ac lobortis, porta penatibus scelerisque diam, suscipit. Nam auctor sapien. Elit arcu, consectetur lobortis. In sit aptent nascetur lacus, facilisi in faucibus amet.","A","MEX;UK;US","opt4"
42,"F",51,"Disagree",NA,"Strongly Agree","Never","Rarely","Eu vitae dapibus ut lacinia. Facilisi urna, facilisis urna, orci egestas libero at elit vitae ultrices sapien placerat vehicula aptent. Mauris vitae accumsan pharetra, molestie elementum aenean! Id per himenaeos tellus turpis nec rhoncus porttitor ut, magna vehicula. In neque imperdiet. Commodo hac placerat velit, sem ut mauris ac ac. Nec iaculis mollis ipsum integer in integer pharetra ante erat. Lorem ullamcorper arcu. Erat arcu sed tincidunt praesent ac, blandit sed aliquet, in ad turpis nam. Ac class dignissim venenatis purus, vitae nulla turpis blandit, sapien magna aenean malesuada pharetra. Gravida ipsum tempus magna at, a sed libero. Praesent nulla risus vivamus himenaeos ligula.","Penatibus feugiat vestibulum arcu mauris fusce efficitur sem a ac sed. Lacus fermentum in, vehicula turpis eu porttitor ut luctus fermentum. Eget parturient, molestie adipiscing ut vel aliquam fringilla. Quam dapibus amet donec non consectetur laoreet mauris sodales. Arcu donec molestie faucibus tristique. Non vestibulum ex hac lacus amet et amet proin leo nascetur posuere. Ipsum sed vitae in quisque vulputate augue enim et dui per blandit lorem vestibulum. Urna in purus lacus id leo nisl sed dictum eros cum. Vel venenatis vestibulum mollis semper per euismod magna vel nec.","Strongly Agree","MEX;US","opt2"
43,"F",27,"Strongly Agree",NA,"Disagree","Rarely","Very Often","Phasellus semper ad vulputate vel faucibus vel vel felis ac, erat urna sollicitudin lacinia. Ultrices donec mi est pellentesque sit justo. Mi tempus, phasellus ornare molestie class mauris eu. Sed dignissim nec ultrices ut et mauris. Lacus augue sit odio, lacinia. Diam nullam varius. Ac lobortis magna conubia eu quam vitae.","Ut amet finibus non interdum vitae quis quisque. Ornare purus, mi mauris convallis amet, sed nec, velit eget lobortis blandit. Enim torquent sed imperdiet ullamcorper nisi, nam. Sollicitudin eu, elementum suspendisse nibh libero porttitor duis posuere. Porttitor non turpis, rutrum id dui quam varius metus. Turpis imperdiet sociis diam in egestas, urna habitant amet in vulputate. Quis metus maecenas nostra sed, gravida. Elit ante, consequat senectus facilisi aliquam donec in diam. Risus ac ut in, odio leo proin quisque. Ut risus integer malesuada nisi ac ac mus sed purus. In, consectetur egestas, nulla et venenatis mollis taciti sed aliquam.","Disagree","US","opt2"
44,"F",31,"Neither Agree or Disagree","Strongly Agree","Strongly Agree","Rarely","Rarely","Habitant, vel himenaeos laoreet nulla velit sed nunc. Vitae, dis sollicitudin eu mauris ultricies enim conubia eu duis. Vitae sed, eros sed mauris, sed taciti cum viverra ridiculus vivamus. Inceptos cursus eros taciti at arcu tincidunt nibh pellentesque nec. Lectus orci gravida nunc sed aliquet ullamcorper bibendum amet amet libero fames vel platea. Porta nulla quam lobortis quam ultrices risus magna. Risus lacus conubia, in hendrerit vulputate quis vestibulum vestibulum. A malesuada fermentum vivamus, dapibus eget non a quam porttitor justo. Nisl aptent mollis, vestibulum fusce lacus eu euismod. Posuere curae consequat dolor ipsum urna a venenatis. Ad ipsum at, massa feugiat blandit mi ut. Et maximus dictumst elit viverra volutpat, non dictumst ut. Sed, lacus ex. Risus sapien magna hac nisl, sed ut tempor. Eget dictum aliquet congue in volutpat in aliquet.","Justo felis quisque sed eleifend sit sagittis. Cum suspendisse, vivamus iaculis proin efficitur. Vestibulum, sed auctor amet sodales eleifend. Felis, litora varius sollicitudin dapibus non donec, cras blandit. Dis sed pellentesque sodales. Quisque tempor finibus condimentum, diam, magna ipsum. Neque luctus enim, sed class velit facilisi maecenas conubia lacus ad. Adipiscing egestas sed, nibh amet ut dictum enim vivamus sed ligula ac ut. Sed erat proin pulvinar in placerat et. In hendrerit, non etiam elit vitae in eros amet viverra tellus fusce habitasse et.","Disagree","CAN;US","opt2"
45,"M",28,"Agree","Disagree","Neither Agree or Disagree","Never","Never","At facilisis porttitor tellus sit tortor. Sed ligula purus tortor posuere varius. Eros in, rutrum ut, ut! In, pharetra eget eu varius mollis eu. In eget pellentesque dapibus, mauris in. Lorem proin luctus, habitant torquent nisl. Elementum a duis erat dictum torquent in conubia. Sem leo est ac amet tempor ut, massa non dapibus. Et varius laoreet ut viverra. Cras, libero eu in nulla tellus arcu. Nec felis sit mi, lacinia sagittis fringilla et netus. Eu maecenas, quis congue sed. Placerat cursus tincidunt posuere egestas ut netus mauris nostra.","Dictumst lacinia auctor libero. Sed sit nisi varius nam accumsan dapibus interdum eu et. Ullamcorper egestas tellus in diam auctor. Ac senectus sit mauris vehicula sociis sed eros nibh nec taciti, elementum ut per tellus. Nam torquent litora tristique ut laoreet in. Nam ut, penatibus quis in fusce. Duis erat purus nulla tempor sit. In magna eget magna efficitur mollis. Urna ligula id, mus integer sit, ligula. Molestie, quam sit nec in, sed, at, turpis.","A","MEX;UK;US","opt5"
46,"F",54,"Disagree","Neither Agree or Disagree","Neither Agree or Disagree","Often","Often","Taciti orci quis efficitur erat mauris in. Platea aliquam at in nunc non efficitur. Scelerisque, cras amet. Mattis nec dui sed, facilisis dapibus porta pellentesque sapien, volutpat, in ac! Neque nulla ex urna sem lorem. Odio eros nostra montes amet ornare sollicitudin sociosqu non vulputate. At sem ornare, et vestibulum arcu eu in sed quam sapien, duis. At ipsum sed vel semper molestie efficitur est nibh leo maximus metus. Egestas cursus maximus, tincidunt, maecenas felis sed. Sodales, rutrum, donec. Penatibus eget dis proin eget mi ullamcorper et magna montes augue turpis. Cum non dictum congue penatibus inceptos sed nec mauris rhoncus at rutrum orci. Lorem vitae a, amet dolor ut augue.","Feugiat nascetur commodo nulla libero ut justo eget faucibus rhoncus sit porttitor, fermentum, primis, egestas. Non penatibus ultricies tortor nulla erat, quam vulputate iaculis a. Ac lacus sed ornare nulla et volutpat pretium elementum enim. Tincidunt, enim, suspendisse primis non diam sed himenaeos. Turpis semper ligula in non tempus eget sapien. Sapien neque scelerisque metus, sodales lorem a pellentesque in duis. Vitae, consequat, sit ut enim et litora. Ut et, suspendisse a erat felis. Ac egestas, in rhoncus. Etiam justo suspendisse odio, duis sed.","Strongly Disagree","UK;CAN;MEX","opt2"
47,"F",48,"Disagree","Strongly Agree","Strongly Disagree","Often","Sometimes","Urna efficitur, habitasse turpis tempus odio. Ac enim aenean at vitae lectus egestas. Nibh, habitasse nec nullam id fringilla. Turpis in posuere tempus in tortor in ac cras tincidunt. Ut sodales porta suscipit pretium. Egestas, sociis mauris, bibendum ad himenaeos placerat vitae vulputate convallis. Cum odio faucibus odio nibh sed. Nullam sed ipsum himenaeos hac sem ut eu condimentum. Accumsan, quam netus, leo ultrices et sed in neque nisl arcu. Odio id sociosqu enim risus sed urna tincidunt ex. Sed etiam sagittis nisl.","Donec ut vitae primis. Ad sapien eu condimentum nam integer vulputate pellentesque id eu. Dolor tortor lacus ultricies pellentesque, amet eu cubilia mattis quis pretium. Sit imperdiet sapien elit dapibus blandit sed pulvinar malesuada vulputate. Eu praesent dapibus cursus iaculis vel vitae ac. Proin ac vel turpis posuere et urna vehicula mauris. Scelerisque habitant mi duis vel ac sed sed eu.","Strongly Disagree","UK;CAN;MEX","opt2"
48,"M",49,"Disagree","Agree","Neither Agree or Disagree","Rarely","Never","Risus, sed aliquam varius turpis, dui amet in at viverra. Ut vivamus. Nisl velit. Integer adipiscing, ridiculus convallis a sem urna, lobortis in, sit erat. Litora, nisi augue consectetur tellus natoque urna nulla curae nec commodo. Lobortis, in, ipsum ante tempor, sapien. Mauris, duis ante amet viverra mus sed vitae ut, libero euismod ac.","Nascetur turpis scelerisque, posuere tellus sed vestibulum nunc. Et netus amet viverra porttitor nibh. Ac, nisl vel turpis sed hac purus mattis gravida parturient. Posuere nunc, erat finibus id, sit torquent. Ornare faucibus donec primis, et. Dui sed finibus metus egestas amet, in integer ad est mauris. Integer integer ipsum primis fringilla amet, nec eros. Ut tempor sed phasellus sed. Vivamus at, eros eget ligula quis sed vestibulum quis tristique. Diam ligula class condimentum augue augue. Consequat conubia sed magna augue, dolor eget venenatis.","B","","opt5"
49,"F",44,"Strongly Disagree",NA,"Agree","Never","Very Often","Tempor mollis gravida nec in bibendum. Dignissim orci himenaeos dolor pharetra sit sed donec. Erat nibh, justo habitant platea vulputate quis sit phasellus. Placerat dictum, ipsum in eu erat vel iaculis turpis netus tristique quam enim. Vel sed dui, risus praesent ut consequat justo. Eget amet nam et et luctus turpis, rutrum morbi. Lobortis pulvinar nunc iaculis in aliquam sem urna sed eu pretium. Sollicitudin, conubia dictum tellus lacinia laoreet. Velit venenatis vestibulum id ut cum. Tristique ac nisl mauris leo amet eu posuere proin. Sed mollis, aptent ipsum congue ante pellentesque. Tincidunt conubia porta donec in maecenas, porta ac sapien sed, congue faucibus sed pharetra euismod nisi.","Posuere vitae tristique ut dignissim, mus morbi efficitur tempor elementum. Dis ultrices nunc orci aliquet. Sodales felis ad diam blandit, nam, auctor. Eu risus cras dictumst est sagittis enim orci non. Ligula, euismod adipiscing quam pellentesque. Quis varius ipsum suscipit orci ad conubia leo eu ligula mauris tempus. Ultrices at, luctus sit eros a. Primis ultricies a hendrerit sed nulla nec vitae. Mi, posuere ex metus ante natoque, enim. Cursus, sapien, vulputate purus commodo tempor in est sodales vitae sit sapien odio ut. Efficitur ornare proin quis efficitur pharetra tortor euismod, dictumst. Vestibulum, mauris vel nostra magna eu ac libero in natoque. Cum sed sed sapien facilisis eu consequat rhoncus quisque.","Agree","CAN;MEX","opt1"
50,"F",55,"Agree","Disagree","Disagree","Very Often","Rarely","Ac facilisi volutpat cras. Vitae orci porttitor ante at, primis? Interdum ante tempus inceptos vulputate non leo orci, enim cras. Dignissim litora vel ut. Accumsan, malesuada tincidunt tincidunt lacinia cubilia neque consequat. Mollis suspendisse iaculis. Sed pharetra tempor purus nisl amet porta mi nibh neque nulla. Ex lobortis donec commodo nunc in convallis mauris dictum sed. Ac amet fermentum nam tellus blandit at ridiculus nec montes amet euismod pretium habitant enim felis. Dui in rutrum maximus est et nostra est.","Libero lobortis risus elit penatibus et etiam quisque non. At eu nunc sit eros tristique sapien mi? Mattis platea ac ut tempus in ut, sed vestibulum ac. Ut eu tempor nibh tincidunt curabitur nunc, elementum pretium lacinia. Mattis nascetur ultrices sed sagittis velit et consectetur eros ac. Aptent tellus platea orci per mauris, eu, mauris. Ac nam ut vitae eu congue nec sodales. Orci aliquam eros, lacus, ac. Sapien in magna porttitor eget faucibus, ipsum montes quis. Semper vitae ut sed at vel vel tempus, vel. Velit parturient accumsan sit, tincidunt cum porta metus aliquet consequat.","Strongly Agree","CAN","opt5"
