"id","gender","age","agree1","agree2","agree3","often1","often2","open1","open2","other","multi"
1,"F",43,"Strongly Agree","Strongly Agree","Strongly Disagree","Very Often","Rarely","Lorem ipsum dolor sit amet, tristique nullam semper at porttitor sit ac penatibus. Sapien viverra ut blandit. Sed non tincidunt in amet ut. Et eget nullam porttitor, semper congue eget. In ex purus ligula dui egestas, morbi habitasse magna fermentum augue. Himenaeos tempus, aenean tincidunt ligula, mollis et scelerisque sit, vel phasellus duis duis sit. Risus per nunc, sit nunc interdum diam nisl! Cubilia commodo massa adipiscing neque vel accumsan consectetur. Sed amet, netus dictumst feugiat? Pharetra sodales, tempor nascetur viverra arcu sed odio rhoncus. Dolor consequat diam ac, in neque odio tincidunt ante eget natoque magna eu sed posuere.","Lorem ipsum dolor sit amet, tortor sociis a pellentesque penatibus nulla non nibh. Consectetur odio a porttitor nisi, sociis nullam imperdiet magna elit in. Ut efficitur aptent, rutrum dignissim. Aliquet et ex nulla risus eleifend. Orci orci class taciti massa semper mollis consectetur sed curabitur. Egestas, taciti et lobortis et tempor, phasellus nunc. Dui sapien at, nibh. Vel in dolor eros pretium magna gravida, nibh viverra. Consectetur ipsum et fames arcu. Sit porta commodo, imperdiet lectus turpis.","Agree",""
2,"M",56,"Strongly Disagree",NA,"Disagree","Rarely","Sometimes","Nullam interdum consequat in odio nulla commodo ut. Sed accumsan, non ac mauris bibendum. Tincidunt bibendum conubia erat sociis vestibulum maximus. Ac blandit feugiat, dis nibh in magna non finibus. Integer massa posuere sed consequat urna vestibulum lectus, varius. Commodo felis, orci dictum ac. Volutpat, turpis conubia curae integer malesuada magna odio et. Libero scelerisque sed pretium, a class semper non vitae. Vivamus ultricies sociosqu lobortis eget risus elementum malesuada felis vitae. Euismod sagittis conubia metus curabitur quisque justo fames, non donec auctor. Dolor sed leo mus tempor.","Sit efficitur, sit, vestibulum vitae ut nibh nullam dui est natoque. Imperdiet nunc at cras amet egestas auctor at. Senectus sed nec magna donec ante, leo non volutpat. Vehicula curae in suscipit ut sem nulla in tincidunt. Dolor cum tristique tempor justo sed dictum. Enim non magna turpis. Sed, arcu adipiscing ultrices. Ullamcorper mauris ut in sit eget id. Ac blandit, cum morbi aliquam malesuada sed ut ac eu lectus.","Strongly Disagree","CAN;UK;MEX"
3,"M",43,"Neither Agree or Disagree",NA,"Neither Agree or Disagree","Rarely","Very Often","Nunc vitae ac, vestibulum ullamcorper et. Convallis ipsum eu sit. Eleifend gravida. Gravida eros, ac posuere habitasse mauris iaculis. Nec neque blandit hac, turpis eu sed. Arcu himenaeos malesuada. Magna aenean ac consequat nec amet porta. Est, ut a vestibulum integer turpis a. Per dolor nulla massa quam, libero. Odio vestibulum lorem odio. Porttitor, ipsum amet netus suspendisse sed dictumst ipsum. Magna, libero class, sociis quam. Enim sit ante, pharetra felis accumsan phasellus ut himenaeos in.","Sed at in erat tincidunt, sapien ultricies aliquam natoque eu. Pretium morbi et mauris justo proin purus euismod. Sit velit praesent sit nisi a nullam tincidunt nec. Sit vehicula proin enim aliquet, consectetur ad metus et praesent duis duis duis! Ante, diam sed accumsan quis venenatis, quis faucibus eu. Auctor, ut vestibulum pellentesque non in neque sit id massa, sem. Nisi netus nam convallis egestas fringilla pellentesque ac nunc diam interdum, sed ut. In vulputate orci odio quisque elementum vitae. Vehicula, consequat porttitor nulla porta etiam feugiat? Sodales urna ad eget sociis natoque in. Orci et fringilla leo. Lorem, leo ac donec amet et eu tempus congue sed tortor massa. Sed hendrerit vulputate, et maximus sapien curabitur, felis sollicitudin in ac ex.","Strongly Agree","UK;US;CAN"
4,"M",50,"Disagree","Strongly Agree","Agree","Very Often","Sometimes","Sed tellus, dapibus, eu nulla ultrices. Sed ante in nunc non, varius habitasse. Nunc non mauris, ac. Sapien, urna pellentesque nulla interdum gravida, cras pellentesque interdum, at, at. Odio integer eu justo ac vel. Ac proin, gravida quam mauris lectus velit ornare leo semper. Dapibus suspendisse sed integer ultricies lorem rhoncus malesuada fringilla sed. Nullam mollis cursus, mus, in eu, blandit velit pulvinar dictum nisi. Litora, sem facilisi, in sit, tempus eget non est. Nisi sit sagittis in sit non. Tristique tempor, ornare posuere rhoncus turpis faucibus mauris hendrerit.","Velit sed elit nunc non, eu. Nisl quis mauris aenean, hendrerit ut. Ut sagittis sapien orci donec vulputate ligula justo malesuada. Sociosqu nam eros eleifend tellus congue elementum, pellentesque quis. Condimentum semper montes nam in pharetra. Senectus mattis gravida ligula diam aenean sit vulputate, enim vestibulum. Litora, sed non et sed. Ex pellentesque feugiat sed ad posuere donec. Viverra non rutrum euismod convallis per nostra sagittis ut erat. Sed eleifend quam dolor luctus turpis vitae donec quisque at et vel. Lacus vivamus venenatis sed suspendisse viverra et suspendisse mauris in purus. Lectus risus habitant efficitur phasellus metus finibus duis.","Strongly Agree","US"
5,"F",29,"Disagree","Disagree","Agree","Rarely","Often","Ex in lacus neque mi nulla fringilla tempus tempor lectus. Primis taciti ridiculus et leo parturient dapibus nascetur diam. In pharetra diam tincidunt egestas sollicitudin eros. In in orci mollis lectus diam ac aliquam hendrerit. Sed molestie pharetra sapien fusce vel, est habitant. Ac imperdiet varius mollis leo nunc risus. Vestibulum sagittis et, nisi eleifend hac dui. Litora faucibus libero quam, montes ultricies convallis enim, quis nisl. Vitae a, faucibus ligula nunc.","Tincidunt dapibus, ante nisl a ante. Lectus ligula sociis nunc dui vitae hendrerit bibendum. Porttitor, et tristique malesuada. Et lectus sed integer. Placerat ante, pulvinar sagittis. Facilisi nisl non sed, quisque ullamcorper pharetra fermentum volutpat ut etiam euismod curae risus. Sed turpis phasellus commodo quam faucibus tincidunt. Facilisi donec eros suscipit nisl mauris.","A","CAN;MEX;US"
6,"F",62,"Agree","Disagree","Strongly Disagree","Very Often","Often","Vel lacus, facilisi sed bibendum convallis quis ornare augue fringilla urna, in. Potenti sem sapien mus nisl pellentesque penatibus arcu. Est tortor non sociosqu vitae aliquam a et, euismod. Sagittis aliquam venenatis scelerisque. Pellentesque aliquet platea, sed egestas conubia amet. Enim egestas nec sed eu iaculis in nibh a nec metus turpis libero vel. Et imperdiet ipsum suscipit amet adipiscing et, ultricies accumsan porttitor sed nascetur. Suspendisse convallis porta nostra, ante in montes, sed. Justo commodo, eu vel faucibus velit aliquam sed primis. Interdum at volutpat justo morbi lacus, neque integer nibh scelerisque hac. Mauris porttitor ante semper dignissim et himenaeos, finibus non.","Ultricies vitae varius ut mollis dictumst. Id, leo, metus dolor egestas nec feugiat cum. Diam vestibulum nunc montes eu eget scelerisque ad. Fringilla maximus vitae volutpat maximus quis duis mollis aenean vulputate taciti! Molestie pharetra dis libero, pretium massa porta, in. Placerat purus, erat mauris dolor nascetur vitae vitae. Imperdiet tellus tristique ac class tincidunt massa laoreet sit molestie eleifend sollicitudin libero. Vestibulum imperdiet eros est magna et sed et cubilia. Gravida non velit suspendisse.","A","MEX;UK;US"
7,"M",30,"Strongly Disagree","Agree","Strongly Agree","Often","Rarely","Mus nec ut vitae magna sollicitudin per elit nulla quis ad. Eu est nullam fringilla neque primis velit etiam. Rhoncus ullamcorper, dapibus vel nam et magna. Urna sapien, aliquam in, nisl augue, quis tortor ut ligula maecenas sit. In ullamcorper donec sed tristique justo hac tincidunt. Mauris eu egestas morbi eu rutrum nulla, dignissim. Nam, euismod mattis id primis laoreet urna lacus non. Pharetra luctus gravida, vel nulla non accumsan. Sem at nostra.","Habitant sit orci sit elementum, lorem semper sagittis nisi ut dapibus lacus nisl. Libero pharetra dictumst rutrum risus. Purus a rutrum torquent eu a cras ante metus ac. Torquent mauris, ac in augue, tortor amet auctor lacinia. Tempor interdum sociis non augue. Leo, leo velit finibus vulputate netus eleifend pharetra purus iaculis. Eu scelerisque primis tortor et. Nulla ac, dictumst, ut eu, viverra odio. Viverra iaculis viverra nisl in, nulla. Scelerisque libero, amet vivamus lorem magnis pulvinar, lorem. Egestas odio lacus lectus non aenean quam, nunc ut.","Strongly Disagree",""
8,"M",60,"Strongly Agree","Agree","Neither Agree or Disagree","Never","Sometimes","Sed conubia in senectus lacus, vehicula. Accumsan penatibus magna, lorem phasellus interdum ut libero. Justo est lorem porttitor amet suscipit. Sem himenaeos himenaeos vitae sed in felis sem ligula lacus integer nullam. Fringilla integer taciti hendrerit vitae ullamcorper sed sed eu, erat cum. Potenti dolor. Enim ultricies senectus sociosqu libero himenaeos scelerisque. Hac, vestibulum, in malesuada praesent maecenas, leo. Nunc enim sit netus purus nisl volutpat.","Tempus rhoncus vestibulum viverra nibh egestas, elit nisl eget. Tristique adipiscing id a ligula phasellus. A, sed metus efficitur ligula ac. Platea, sit, aliquet dictumst. Blandit dapibus risus sed nisl mauris faucibus dignissim proin. Eget sit pretium sit varius, suspendisse sed cursus ut. Sapien conubia, suscipit fermentum feugiat magnis vel. Elit a neque quis sed odio sit enim. Erat euismod commodo nec ultricies tortor. In vestibulum, non, proin conubia lectus erat ad vehicula cursus. Nisl tempor lectus pharetra pellentesque dapibus sem nulla.","Disagree","MEX;CAN;US"
9,"F",37,"Strongly Disagree",NA,"Disagree","Sometimes","Often","Habitasse egestas tincidunt, penatibus sociosqu erat aliquet, sapien sed turpis. Eros accumsan nec, eros malesuada tristique id, nam egestas ex eu. Nisl non dictum nec nostra ac. Et mollis. Justo augue per dui posuere tempor. Eu ut, sapien class sed. Nibh per augue himenaeos dui curae fringilla. Enim turpis, varius, laoreet. Lacus dictum nisi urna at sit blandit vestibulum.","Purus primis ullamcorper. Neque sed, interdum. Lectus mauris maximus in ac dapibus ut est, tincidunt turpis. Dui efficitur egestas sapien mollis accumsan eros, placerat arcu vestibulum, morbi. Ac nunc. Penatibus consectetur pellentesque tellus eleifend dignissim blandit turpis, lorem. Porttitor condimentum ipsum cum velit tortor, ad. Facilisi ut velit, scelerisque maximus sociosqu libero, tincidunt lorem ex.","A",""
10,"M",55,"Strongly Disagree",NA,"Neither Agree or Disagree","Sometimes","Often","Posuere ante amet, nec volutpat neque potenti suspendisse urna nullam et est. Eu lacus cursus mauris eget sit eget. Nisi augue ac orci rhoncus a ipsum. Habitant auctor ac ligula in nulla egestas molestie cras turpis aptent. Volutpat erat est aliquam, erat facilisi efficitur lacus. Ligula sed proin curae scelerisque. Aenean cras nibh ac. Sed urna nunc phasellus sed eu. Cursus aliquam dolor, habitasse netus, fermentum in in integer leo. Vel, aliquam dolor lacus. Imperdiet feugiat in phasellus id. A fusce ut torquent gravida mauris, sed ut donec massa purus, cursus.","Malesuada suscipit non erat dolor vel, eu. Hac ac sed duis eget in, arcu sit aliquam vel auctor est ut duis. Torquent purus maximus risus nunc litora ante. In, ex egestas ac diam. Neque donec sapien mauris ipsum mauris. Non donec non vitae integer amet sed? Senectus eros aenean maximus nec blandit sed, montes iaculis enim sed. Vulputate facilisi, nunc cursus in, posuere class lorem in ex id turpis. Pretium molestie dolor dapibus, gravida sed ipsum sed ultricies. Mi maecenas cursus et, cras malesuada donec. Pulvinar sed neque aliquet dolor tempus vitae porttitor lacus donec.","Disagree","MEX;UK;US"
11,"M",35,"Strongly Agree","Neither Agree or Disagree","Strongly Agree","Rarely","Never","Sapien enim suspendisse. Hac mus dis ac cum hendrerit consectetur amet. Aliquet iaculis netus ornare aenean ullamcorper class tempus, varius. Sit elementum ac orci gravida ligula. Mollis sit quam sed sit. Dapibus dictumst pellentesque, mollis in sit augue porttitor. Ut lorem taciti sit finibus pretium cras. Sed ultricies, mollis et hendrerit class purus a eros. Commodo tempor ac non malesuada mi cursus. Adipiscing dictum eleifend porttitor nibh ultrices. Pellentesque metus diam dui consectetur, molestie vel suscipit risus consequat. Nec est natoque habitasse. Duis natoque nisl, accumsan senectus pulvinar non.","Dolor cubilia mauris quam ligula egestas purus facilisis nibh sapien in bibendum mauris sit vivamus. Efficitur metus id, sed cras, enim nisi. Nullam tortor nec vestibulum sit litora. Penatibus tincidunt odio nisl vestibulum platea nostra, dignissim. Taciti, duis orci luctus non sollicitudin sed dolor vestibulum. Faucibus semper non vivamus potenti, faucibus diam. Molestie condimentum ut nec ridiculus. Tincidunt sed viverra montes eu magna purus ac elementum faucibus ac a, faucibus ipsum. Imperdiet duis sem, felis eu non tristique amet, eget at ac phasellus dictum faucibus. Ipsum gravida pulvinar suspendisse nostra libero imperdiet, maximus sapien, efficitur luctus quisque.","B",""
12,"F",23,"Neither Agree or Disagree","Disagree","Disagree","Never","Never","Facilisis vitae quam euismod, sem curabitur amet ac. Pellentesque tellus fermentum erat in est sit. Curabitur non ac quam quis? Egestas habitant at sed enim ac. Montes ridiculus duis lobortis nunc dui curae metus, orci. Mauris et et vehicula nisl, pharetra cras cubilia. Finibus potenti ac, ipsum suscipit quam praesent. Accumsan porttitor quisque, diam ad nulla sed diam odio aliquam leo. Justo, semper arcu proin eget dignissim nunc tempor lacinia. Mauris nunc integer sem in, aliquam pellentesque arcu.","Suspendisse tincidunt tempor cum aenean auctor torquent id vehicula sociis sed! Enim ut taciti nunc augue faucibus justo eu. Cum fringilla ullamcorper dapibus sapien, lacus. Lorem dapibus velit magnis sociosqu praesent, libero iaculis sociosqu. Hac scelerisque ipsum vel? Condimentum volutpat eu rutrum ut est felis. In ac duis ligula urna porttitor turpis, ut leo. Tempor urna cras enim inceptos vel aliquam non aliquet ultrices. Potenti, vel egestas, eget ac eros congue, integer dictum elit efficitur.","Strongly Disagree","MEX;UK"
13,"M",28,"Neither Agree or Disagree","Agree","Agree","Sometimes","Sometimes","Cum, faucibus nibh dictum pellentesque nunc laoreet, ante eget. Tellus, etiam aenean maximus himenaeos ac. Urna dapibus mauris eget rhoncus turpis, tincidunt. Elit nisl maximus etiam at ultrices. Platea augue a vulputate porttitor duis neque quam massa. Arcu ut vel, dis. Velit natoque fusce ornare tincidunt facilisis congue adipiscing eu eros consequat. Senectus sed donec condimentum lorem sagittis nec.","Per nisi dictum tortor. Vel tortor nisi pretium, nulla. Eros fusce in hac. Class augue nunc eu imperdiet curabitur natoque, hendrerit varius quis! Libero non eu elit amet vivamus. Himenaeos sed magna convallis vel. Sociosqu adipiscing pharetra egestas commodo netus justo massa dapibus fames eget rhoncus feugiat. Nunc class in vel inceptos platea. Finibus proin, in porta nam sit. Cursus accumsan nulla ut, metus varius quisque vehicula mattis vivamus mi vel pellentesque sapien. Convallis velit at rutrum mattis leo, elit sed primis per sit.","Neither Agree or Disagree","UK"
14,"F",59,"Neither Agree or Disagree","Disagree","Agree","Very Often","Very Often","Massa non in quis. Diam, quisque id. Condimentum, quis quis metus senectus suscipit nostra erat. Nulla quisque, duis in suscipit, purus rutrum. Nam ex bibendum ac imperdiet lacus, aptent lacus vel, arcu ac malesuada. Varius egestas nec. Nulla et. Dui fringilla per interdum velit lobortis euismod urna litora elit pretium. Eu libero curabitur eget neque tortor tempus sociis vivamus dis dis. Ac taciti pharetra ac eros mattis ac lacus feugiat penatibus. Inceptos hac facilisi ornare, non sed, ac cursus gravida vehicula.","Nisl erat cursus ridiculus egestas rutrum malesuada vitae, suspendisse. Mus tempus id luctus, vel tortor in eu. Curabitur taciti volutpat ut platea suspendisse nec. Bibendum in scelerisque arcu quam lorem rhoncus fusce justo arcu justo. Amet sollicitudin at a nec. Sed vel justo quam rhoncus vulputate. Sociosqu nibh suspendisse velit duis amet, nullam. Porttitor habitasse fermentum donec neque. Tempor fusce. Nunc, dolor mauris, et, metus et ad platea.","B","MEX;UK"
15,"M",38,"Disagree","Strongly Disagree","Disagree","Sometimes","Often","Nulla sit, ut rhoncus ut, primis leo quisque. Maecenas mollis dignissim a libero amet. Dui imperdiet integer, eget molestie posuere, nec. Eget in pellentesque, maecenas pulvinar, quis placerat sit, mauris finibus. Natoque quam sed ut ullamcorper suscipit metus quis erat, quam et lacus vitae sit? Donec sed sed ornare vestibulum, sed eget himenaeos. Sem sollicitudin auctor, porttitor rhoncus dictumst morbi hendrerit sollicitudin luctus turpis. Morbi urna vivamus at feugiat vitae augue. Interdum proin laoreet eget varius venenatis ultricies a eleifend.","Urna, arcu ut malesuada tortor in, pretium sollicitudin pharetra. Ex lacus viverra et ornare eu in. Eleifend blandit maecenas proin viverra sed maecenas ullamcorper magna semper proin accumsan et sollicitudin. Tempor in augue eget aliquet. Ligula donec, mi feugiat leo. Mollis habitant hendrerit, ut duis per, metus, potenti suscipit amet sit quam. Ornare ante ut urna nunc, nec feugiat. Iaculis praesent vel sed posuere parturient ligula phasellus elit elementum. In sed pretium platea mi augue, vehicula et.","Agree",""
16,"M",46,"Strongly Agree","Agree","Strongly Disagree","Never","Sometimes","Lorem justo tortor tellus litora nunc torquent. Tempor pellentesque. Porttitor sed nostra, mauris enim nisl molestie convallis penatibus dignissim nibh, eros. Lectus dui, tincidunt non phasellus. Est finibus orci sed ligula in tempor in non. Pellentesque diam vulputate nulla ac in porta. Sed magnis amet, aptent hac duis sit malesuada vitae, vestibulum, sed sem dapibus posuere? Erat placerat luctus laoreet dis! Sed est pharetra enim, ex amet dui. Ad amet elit nascetur neque odio nulla mauris proin vestibulum. Vestibulum fermentum nec fames sit.","Ullamcorper eu, vel primis ipsum sed auctor ut condimentum est. Auctor maximus ultrices felis lacus, nisl. Fringilla placerat vel eget justo consequat. Nunc risus sed donec commodo vitae facilisis sit, porttitor metus. Hendrerit pulvinar diam efficitur ut ac. In sapien velit ut eu pharetra finibus sed taciti. Tristique rhoncus viverra dapibus est penatibus non natoque amet tincidunt magna. Mollis nulla sit purus volutpat, montes. Montes cursus nunc augue laoreet consequat finibus. In, ex elit aliquam, non, eros tellus, lacus sollicitudin quisque, porttitor.","Disagree","US"
17,"M",39,"Strongly Disagree",NA,"Disagree","Often","Sometimes","Nostra potenti ut non arcu suspendisse non sem primis. Ut ligula et efficitur porttitor risus vehicula turpis eu. Ullamcorper donec in ut potenti, ac ac ut. Turpis molestie ultrices tortor, sed interdum, nec. Sed in egestas nascetur nisi sed dui in eu. Eros varius mollis eu id odio ullamcorper ridiculus vulputate blandit. Sapien vitae ac ut vitae, accumsan magnis vehicula donec viverra odio.","Vel, dolor gravida purus nostra, purus nullam blandit inceptos. Risus sed hendrerit aenean nam magna. Tristique eu amet vitae. Hendrerit nibh vel. Nascetur eu mauris lorem ac nulla convallis orci pellentesque. Mauris risus nec scelerisque maecenas faucibus ut sed vel dolor in ut eros. Magna curabitur dui id mauris tincidunt nam primis. Sed sed nulla congue est phasellus justo a efficitur.","Agree","US;UK;MEX"
18,"F",39,"Agree","Agree","Disagree","Often","Often","Laoreet integer, lorem suspendisse vulputate ac dui vel elit nunc dictumst. Dui conubia ac sed cursus pulvinar, senectus sed suspendisse sit purus sagittis. Felis lectus efficitur eu at tempor ut, sed velit, pharetra, ante consequat pellentesque ligula et. Neque nunc velit rhoncus convallis eu tortor vestibulum sit. Commodo condimentum fringilla ut. Morbi dolor eu tincidunt ut morbi urna et litora. Imperdiet faucibus sem sem per lorem tempor donec ac sapien. Ipsum odio est dui platea. Ut duis in tellus, iaculis libero felis at tempor enim. Mattis elementum eget, amet porttitor, tincidunt libero. Vel torquent dolor ornare netus est efficitur quis enim. Class convallis neque urna ligula tempor. Class purus nostra orci dignissim nisl porttitor gravida iaculis ipsum, velit. Aliquam in et penatibus curabitur facilisis maecenas.","Cras pellentesque nullam elit sed porttitor nec non nulla. Rutrum sagittis conubia, mauris, orci sociosqu tellus erat cubilia hendrerit at risus metus pellentesque. Nibh volutpat dui eu, sed ultrices nibh volutpat eget facilisis maximus. Praesent tortor id duis curabitur, bibendum maecenas est et per. Neque netus commodo, risus sagittis, velit purus, lacinia sed mi sed nulla, lectus. Dolor varius nostra sed sit, tincidunt lacinia eleifend ex integer sed. Nisl vel nec tellus in mauris maximus. Sed taciti cursus semper. Feugiat ut tortor, in quam odio.","Strongly Disagree","MEX"
19,"F",58,"Disagree","Neither Agree or Disagree","Strongly Agree","Very Often","Often","Convallis class suscipit fames magna sit sit, lacus. Ut et tellus ullamcorper donec vestibulum nulla ligula in est tortor rutrum. Cubilia quam euismod, platea feugiat. Leo sit non congue non arcu, magna erat vitae. Hac quam nunc, aliquam fringilla eget taciti vel. Himenaeos at primis lobortis viverra diam. Auctor nisi, tincidunt feugiat mollis consequat ipsum accumsan dolor id lectus vitae donec. Facilisis neque, non enim dictum faucibus. Mattis suspendisse quis aliquam phasellus vitae eget pulvinar. At pellentesque imperdiet tincidunt parturient dictum sagittis mattis vel lacinia. Venenatis torquent ut gravida eu dis, fusce ut ultricies interdum. Molestie eget eleifend ornare ligula ex facilisis a mi eget, tempus, elementum. Sem efficitur dictum ante, in accumsan sociis hendrerit eu aliquet. Sed eget rutrum neque, quis malesuada magna volutpat sociis risus, tristique ut.","Orci ante, tempor congue eu sed id tincidunt risus massa nam at platea, scelerisque. Convallis pellentesque dapibus proin curabitur venenatis vulputate justo ipsum. Et litora vulputate vulputate et ante. Vestibulum quis cubilia lacinia mus, pellentesque mauris feugiat suscipit. Sit, ornare convallis. Class tincidunt pulvinar nibh porttitor sit, et est eros risus. Parturient eget amet torquent sed sem sed interdum ullamcorper suscipit nunc nostra turpis. In, volutpat non. Non risus nullam ut augue magnis at magna nisl dapibus. Vitae conubia.","Disagree","UK;MEX"
20,"F",28,"Strongly Agree","Agree","Neither Agree or Disagree","Sometimes","Rarely","Ante augue. Magna ex a hac non ultrices, sollicitudin ante urna quam sapien. Turpis pretium urna consectetur nam, nisi. Duis cubilia nostra fermentum? Commodo condimentum suscipit sed ligula et ac vitae, sed auctor ut lectus dictumst. Nunc non, eu vestibulum non varius fringilla class in. Torquent ut suscipit arcu. Pharetra tortor ut ex imperdiet nulla ut et. Dui, in in sit enim, ut diam turpis blandit. Dui viverra turpis tortor in ut, litora leo dui, dui et blandit. Faucibus interdum vivamus arcu nisl ut imperdiet, tempus finibus lobortis. Bibendum luctus iaculis nec odio a torquent.","Sit, vestibulum interdum, sed, sed, nunc augue nisl enim sed. Sem lacus gravida proin, potenti primis tempus facilisi. Porta, porttitor lacus turpis per egestas? Sociosqu faucibus ut amet facilisi curae enim. Sed aenean vitae pellentesque, ligula curabitur. Eu suscipit donec nostra curae netus vestibulum ornare nunc lorem fames. Dui sed convallis imperdiet. Faucibus, curabitur porta malesuada at et, sed nisi. Finibus purus varius hac risus in. Dictum ad suscipit leo, tempus est rhoncus urna imperdiet ligula velit.","B",""
21,"M",56,"Strongly Disagree","Strongly Disagree","Strongly Agree","Very Often","Rarely","Nunc magna magna adipiscing, lectus cras arcu ac, nibh metus. Nascetur rhoncus viverra luctus sed suscipit aptent. Ac sed adipiscing inceptos nisi venenatis tempus. Ut aptent, sed felis purus. Per suspendisse vel ultrices porta, a nisl nisl. Orci, amet praesent eros ipsum nulla egestas sem, euismod, posuere laoreet sed. Ex maecenas dui ac sed amet. Dis inceptos class in, amet porta. Commodo tincidunt lacus, vivamus in. Duis eu sapien amet suscipit diam enim nostra. Justo, nec tortor sed nunc ex eros. Nunc rutrum nullam venenatis facilisi volutpat aenean. Sodales orci amet et nulla quam, ut, cum eget. Interdum velit quam a, leo. Mus ut ut, eu. Velit aptent dapibus vel sapien tempor donec sapien erat.","Condimentum finibus, posuere turpis scelerisque. Adipiscing aliquam blandit egestas adipiscing sit interdum tortor pretium taciti. Nulla magnis nullam, bibendum sed aenean efficitur, aliquam in posuere ac vehicula. Cum, amet, euismod sed mauris, dolor cras. Tempus viverra dapibus, nam purus. Eu dolor vestibulum conubia sem ornare habitasse nulla imperdiet habitant in. Eu blandit montes erat, libero justo eget arcu. Hac nibh ex condimentum mauris tincidunt, vitae. Vitae nec ornare tortor hendrerit fringilla enim molestie. Pellentesque turpis ut praesent eros lacus dapibus, non porta parturient. Eu tristique dui orci lorem neque ut tempor. Ut et urna nascetur eu quis ornare ac ad sem.","Neither Agree or Disagree",""
22,"M",58,"Strongly Agree","Strongly Disagree","Strongly Disagree","Never","Often","Molestie nulla. Nisl at tristique vulputate. Amet leo id, curabitur non lectus sit sed amet. Aliquet feugiat lorem praesent accumsan inceptos nibh. Lorem lobortis mauris libero, et. Dis nulla ultricies vitae sem fames sed egestas. Vitae amet, posuere, at ut sed et, sapien tellus purus. Mi vel. Leo augue eu libero quisque taciti magna diam posuere et odio, rhoncus nunc! Mollis auctor, facilisis ultrices sed sed justo sed sed iaculis.","Inceptos phasellus tortor hendrerit, proin quis vulputate etiam sodales dapibus. Vehicula maximus consequat ut torquent odio. Nunc tellus libero imperdiet metus nulla posuere suspendisse sagittis. Lacus faucibus, primis in in volutpat finibus tortor, cum. Facilisi sociosqu aptent nulla mi ultricies nunc ultricies metus. Non vestibulum laoreet arcu sem eros et pulvinar libero. Mus gravida tincidunt ipsum. Maximus turpis gravida pretium nec, sodales amet faucibus magna. Mus urna sed ante, rutrum finibus neque vestibulum commodo sed amet, malesuada convallis. Imperdiet vestibulum porta leo in suscipit, vestibulum ut primis sem. Non enim non magna purus lorem convallis at donec quis ut nulla enim nec. Justo, dapibus eu, parturient, ridiculus finibus penatibus inceptos, consequat nec ac. Eget faucibus commodo ipsum, felis mauris sapien. Sed ornare, nunc, sodales tristique aliquam taciti.","Disagree","UK;CAN"
23,"F",46,"Strongly Disagree",NA,"Strongly Agree","Sometimes","Often","Nam ex sed convallis ad fames velit nulla commodo venenatis. Enim nullam tempus integer himenaeos vel fermentum! Torquent suscipit massa massa tincidunt tortor suspendisse sed lorem. Felis at, lacus hendrerit volutpat adipiscing magnis magna ac ante. Sed lorem metus vestibulum est faucibus, curae sed nam. Quam sagittis odio nibh eu gravida nunc nunc adipiscing pharetra. Turpis at eu erat ut nunc. In est ipsum gravida feugiat, molestie facilisis magnis mauris iaculis. Nunc, aenean aliquam, nunc in ut. Hendrerit vehicula habitant lectus sollicitudin, ullamcorper vel tristique.","Non congue enim turpis, semper eget sed, nec tempor ac, ullamcorper, ac. Phasellus condimentum eros et sapien aenean mollis, nulla dignissim nullam velit magnis. Quisque, conubia ac primis in varius vulputate. Ante hac non ultricies a arcu curae facilisis. Scelerisque potenti, ipsum mollis, cras sed potenti, libero amet arcu at sit facilisis, rhoncus diam. Torquent, praesent, mi metus metus vitae donec. Integer sagittis nec, ut tempor ante interdum orci consectetur. Consectetur ex cum, vel nulla quisque tincidunt velit ut. Eu iaculis lacus quis in. In ut sed mi tortor natoque id sed pretium magnis. Aliquam magna maximus ullamcorper sed est a nunc morbi maecenas, eleifend torquent nam. Ut imperdiet porta habitant erat proin at, vitae eu.","B","CAN;UK"
24,"F",64,"Neither Agree or Disagree","Disagree","Agree","Very Often","Never","Dignissim leo sed tempus et duis dictum lacus ac nisi dictum. Donec lorem euismod malesuada aenean egestas rutrum posuere iaculis mi. Orci tincidunt consequat ac, feugiat felis, orci. Finibus velit, urna aliquam habitasse venenatis dignissim suscipit. Nullam interdum a nascetur aliquet dictumst enim. In mauris integer congue, auctor eu non. Eget et, sit conubia ante. Hendrerit parturient himenaeos magna vulputate ut, eu vitae, sagittis himenaeos. Ipsum nam ac eleifend non metus non mollis.","Lacus amet tortor et senectus massa, class nunc donec, dignissim mauris. Lacinia lorem sed scelerisque nisl in class sapien. Maecenas mauris donec pulvinar eu. Orci adipiscing ut rutrum diam porta sit a senectus ex arcu tincidunt porta tempor. Facilisis ultricies lectus ultrices aliquet in tempus risus suspendisse erat sollicitudin lobortis quis tellus. Iaculis scelerisque et consequat est arcu nec, at, natoque in amet. Vestibulum, ante ante venenatis dis nostra cursus suspendisse. Finibus a dolor hendrerit neque nostra sed eget.","Strongly Agree","UK"
25,"F",44,"Strongly Agree","Strongly Disagree","Strongly Agree","Often","Very Often","Parturient dictum consectetur orci orci, et. Sed lorem tempus lobortis velit sit dignissim. Donec, rhoncus elementum quis sed et, tempus feugiat eget vivamus. Suspendisse integer, enim nunc efficitur elit orci et. Nostra felis eu natoque finibus dapibus ultrices luctus, nunc commodo felis tempus sociosqu in nec. Hendrerit enim nullam diam. Penatibus in proin morbi, magna, habitant. Vel sed in ut ligula. Ante vitae.","Fermentum eget risus commodo fringilla urna molestie, aliquet elit porta. Sem est dis malesuada enim id tincidunt. Ipsum at cras suscipit sapien et ligula, purus. Et in, et conubia, cubilia ligula inceptos, vel lacus laoreet. Aptent sociosqu sed sed ipsum massa, nec leo velit. Dapibus dolor blandit, a non libero vulputate mi venenatis. Aptent felis nullam et nec. Gravida vel convallis rutrum fermentum dignissim tempor. Orci mollis inceptos, ac, ac. Nec odio quisque, consectetur urna nec in quis viverra in metus volutpat, consectetur amet suscipit fringilla. Rutrum sed ultrices volutpat. Id sed, magna imperdiet vitae maecenas vel. Velit duis et tellus ligula sed habitasse ligula luctus et orci cum sed. In suspendisse dui leo dui, ac, sem blandit curabitur vitae euismod. A maximus ac.","Strongly Disagree","CAN;MEX;UK"
26,"F",49,"Neither Agree or Disagree",NA,"Disagree","Rarely","Never","Mi vehicula erat conubia quisque nibh, magna faucibus, tincidunt. Accumsan egestas felis lacus eu ipsum vitae ipsum blandit in proin pretium. At a risus maximus maximus dui imperdiet ac vel tristique. Elit sed libero urna risus donec nam urna massa ridiculus! Dignissim quam sollicitudin erat mollis, platea quam, mauris. Orci quam mollis at metus elementum quam maximus porta nec nunc in ut. Amet eleifend sociosqu malesuada suscipit cursus mauris eget mauris mauris dui enim.","Iaculis iaculis nibh sed egestas auctor quam, pulvinar. Hac feugiat neque etiam, potenti litora potenti ut suscipit blandit. Suspendisse eu et eu, neque aenean in amet. Ligula nunc in posuere nulla sem ullamcorper nisl, commodo vestibulum. Pulvinar turpis rhoncus nisl, nibh maecenas sociosqu tellus iaculis et massa pellentesque quis vel. Nam id, consequat in senectus lectus, efficitur. Malesuada nisi habitasse senectus etiam.","B","US"
27,"F",18,"Strongly Agree","Strongly Agree","Strongly Agree","Often","Often","Ligula tristique ipsum, massa luctus, laoreet mattis egestas nam mi augue suspendisse. Diam lorem amet velit, in non elit tellus vel lorem et viverra quis elit morbi. In imperdiet, enim velit pellentesque lacus. In habitasse suspendisse neque odio vel at nec nisl quis. Pharetra ligula nisi aliquam placerat! Maximus dictum sed egestas at lacinia. Sed pulvinar vel, mauris dignissim ipsum urna ut sed feugiat dis in. Facilisis massa torquent vel condimentum ut. Lorem amet, quam mauris scelerisque aliquam in. Consectetur sem hendrerit in montes lobortis et magna finibus. Aliquam, aenean, sed pulvinar cras conubia eu. Phasellus erat adipiscing ligula cras in sit in laoreet.","Leo accumsan, nisl donec ut eu porttitor scelerisque et. Himenaeos, semper posuere etiam, ut proin. Odio congue vehicula nam, tincidunt penatibus tempor sem sed felis suscipit netus vivamus finibus sollicitudin. Eu litora nullam nostra nunc dis phasellus ut adipiscing magnis gravida enim pharetra. Ante pharetra volutpat ridiculus non vehicula a ut. Vestibulum habitasse et at. Donec dui, ipsum luctus elementum. Ligula eleifend scelerisque porttitor at ut, et. Tincidunt integer, eros in. Eu facilisi ut tempus leo. A pellentesque ornare platea, turpis vel, nulla.","Strongly Disagree",""
28,"F",53,"Strongly Disagree",NA,"Strongly Agree","Sometimes","Often","Maximus, et, imperdiet velit ipsum pellentesque magna, volutpat at, mus accumsan enim leo ac. In vel. Ridiculus sed adipiscing, mi augue ac, ornare mauris porttitor nisl vel. Ac lobortis nulla, sed scelerisque. Tortor condimentum aliquam magna dolor, eu et nunc dapibus porta. Cum pellentesque rhoncus iaculis sapien adipiscing scelerisque metus. Risus ad placerat dictumst vel, a. Maecenas, in vestibulum per primis turpis et nisl auctor sodales. Justo iaculis felis efficitur laoreet, potenti in cubilia. Integer vel nunc quis leo pharetra enim in sociosqu odio sagittis laoreet ex. Potenti consequat himenaeos ultricies suspendisse diam, volutpat in. Vehicula ipsum sed tempor iaculis mattis tempor felis nec.","A hac tempor metus blandit accumsan ut sed efficitur curae facilisis dapibus magnis sed. Vitae vulputate himenaeos vulputate fermentum, sit interdum dis torquent morbi. Non ut at dolor nam ac nunc vitae curabitur sit. Donec ligula pellentesque nisl in ridiculus at. Ultricies porttitor maximus aptent velit, sed et augue, risus. Cursus erat dapibus malesuada parturient egestas rhoncus ante magna, congue sed? Montes sed vitae maecenas. Mauris amet purus ut praesent dapibus et, morbi vitae ultricies litora. Aliquet ipsum tempor commodo, consectetur maecenas eu. Aliquam nostra in ridiculus enim.","Agree",""
29,"M",35,"Neither Agree or Disagree","Neither Agree or Disagree","Disagree","Never","Sometimes","Vestibulum id. Varius, quis cras! Velit sollicitudin gravida a ipsum quis velit natoque amet adipiscing. Sit in pulvinar massa finibus, tempus at laoreet consectetur. Nunc in eu ligula et sed tincidunt ultrices orci arcu vehicula. In netus elementum varius netus sollicitudin ac scelerisque eros neque nec leo. Justo sed facilisi eros maecenas nulla.","Dis conubia iaculis lectus platea cubilia ultrices in a finibus fringilla ligula. Non ligula in quam vitae at interdum interdum, est pellentesque. Lectus egestas scelerisque turpis in, non vivamus sem pharetra felis. Senectus ut iaculis nisl non. Dictumst, eu nulla pulvinar torquent dignissim convallis ante tincidunt ut sit sed. Semper sociis sed ante auctor metus cum. Nibh vel integer, vitae. Amet vitae proin metus vitae volutpat. Luctus montes, urna venenatis quam commodo fames nibh. Donec accumsan facilisis dictumst tempor, suspendisse nunc pretium facilisi. In hac taciti sodales enim tortor tristique mi. Volutpat sed molestie nunc per, amet enim. Lorem rhoncus erat, vestibulum quisque ut, vel etiam.","Neither Agree or Disagree","US"
30,"F",49,"Strongly Disagree","Neither Agree or Disagree","Strongly Disagree","Sometimes","Rarely","Efficitur egestas, nulla vitae mauris ac quisque urna nam eros. Erat sed ante consectetur lorem. Pellentesque vestibulum libero vitae ut ac, augue. Odio, taciti hac platea himenaeos amet platea, id nibh imperdiet pharetra, et, nulla. Tortor taciti aliquet id, vivamus ultrices. Mi enim ante nullam ex ad in nostra ut. Natoque vestibulum amet vel, ipsum felis sed. Quam augue in eget sed egestas dui pretium parturient. Nibh ad litora suspendisse, nascetur sed. Leo eleifend varius fermentum eu malesuada commodo posuere. Vulputate non, ullamcorper, orci, posuere semper sollicitudin pellentesque nunc. Nec felis viverra non fringilla lacinia.","Et finibus turpis et, purus luctus nisl sed. Nec justo etiam leo arcu hendrerit porta ridiculus odio mi. Augue odio ipsum purus pretium tellus pretium pretium ornare sed. Vivamus in nam consequat porttitor habitant auctor sed tincidunt, sed. Platea id consequat tempor, sollicitudin hac. Feugiat libero ac vel amet tempus adipiscing lobortis pharetra urna, ullamcorper egestas ultrices condimentum! Dapibus eget non? In lacus in. In integer sapien.","Agree","MEX;CAN;US"
31,"M",39,"Strongly Disagree","Strongly Agree","Strongly Agree","Often","Sometimes","Convallis quis feugiat aliquam, fringilla blandit erat est montes eros dolor! Vel risus iaculis, parturient. Augue cras erat turpis at augue ligula nisl in in eu phasellus elementum volutpat? Purus mi vivamus ornare velit maecenas mi vestibulum. Nascetur luctus nisi lorem hac suspendisse felis commodo felis. Fusce mattis et, lorem class eget. Sodales netus, maecenas at rutrum venenatis maecenas. Sed, sit mi in, eget.","Sociosqu scelerisque phasellus ac, at sed mi ex aenean donec lectus vitae, vitae. A commodo nunc aenean penatibus venenatis, sed sollicitudin neque urna sed dis. Eu consequat at nullam lacinia nec dolor luctus non quis augue habitasse. Non ante nam orci dis nec taciti. Pulvinar vehicula libero tincidunt mattis et ut nibh. Metus dictumst feugiat eros id aptent eu erat. A, magnis facilisis tempor, sit sapien semper netus. Sed cras magnis, nunc aliquet magnis, ullamcorper. Et blandit consectetur ante, semper imperdiet mauris et dignissim amet libero turpis, urna phasellus nisi diam fames. Congue interdum class vel nec nec, venenatis.","B",""
32,"M",54,"Neither Agree or Disagree","Strongly Disagree","Neither Agree or Disagree","Often","Rarely","Risus, dictum nec. Turpis, ornare sociosqu quam consequat. Volutpat sed lobortis parturient eleifend eu ac leo. Aptent sociis nisl netus vulputate donec fusce. In ut ut finibus amet eget aliquam quisque, magna velit efficitur. Nisl turpis ut felis pellentesque et aenean mollis. Id elementum turpis vel ut. Ex egestas ornare diam, dolor venenatis phasellus volutpat ipsum auctor. Eget quis potenti nec gravida turpis scelerisque orci molestie. Ac eros orci, tortor libero. Erat sem. Quam viverra quis nec commodo augue.","Dictum lacus ante. Curabitur blandit turpis vulputate dolor sociosqu ultrices at. Mattis hac platea non proin ut per, erat scelerisque morbi. Ullamcorper sed taciti lobortis duis fringilla urna. Sed dictumst, lacus et sed in condimentum sagittis nec nisi, et. Hendrerit, egestas et commodo nullam non arcu, fringilla. Purus turpis sed, et sem amet nascetur, cursus integer. Vitae tincidunt efficitur eu natoque venenatis sed urna ante ridiculus augue in. Natoque urna ac donec, tincidunt nulla. Habitant vulputate aliquam in.","Strongly Disagree",""
33,"M",63,"Strongly Agree","Disagree","Disagree","Often","Sometimes","Etiam non et eu turpis imperdiet pharetra eu. In porta elementum cubilia metus aenean, ut, sed justo tempus nisl cras. Integer, parturient nulla, fringilla rhoncus pharetra et lacus. In lorem sed neque in, eros faucibus leo egestas id. Arcu erat, in vestibulum vel vitae. Elit nunc metus purus varius et velit laoreet elit taciti mauris tellus lacinia ligula sit posuere. Fames, nullam mauris eu, eget vitae cum sed proin suscipit ipsum purus faucibus semper. Metus mauris nec nec, scelerisque nec vel in ac egestas. Aenean purus elit leo eu erat nullam adipiscing, nisl senectus parturient. Torquent posuere sed ante posuere, augue congue auctor convallis ac proin? Tempor nec mus himenaeos non quam ligula massa integer mauris. Vestibulum egestas himenaeos suscipit habitant tincidunt.","Facilisi egestas viverra tristique per. Aliquet tincidunt, velit, adipiscing. Metus malesuada. Fermentum erat pulvinar sed sed ultrices dui suscipit morbi ut? Taciti ut erat lorem et, magnis, dictum. In, tellus porttitor mi? Varius, arcu turpis tristique placerat. Non vestibulum ornare sed vitae ad aenean sociosqu et ad gravida amet. Elit eu platea sed nisl, lacinia. Suspendisse, velit est amet, tincidunt eu vestibulum volutpat.","Disagree","MEX"
34,"M",57,"Strongly Disagree","Agree","Strongly Agree","Never","Often","Mauris nec, ex maximus eleifend. Torquent enim malesuada ac ligula a laoreet tincidunt non magnis. Pulvinar commodo tempor, quis cursus tincidunt non ex egestas odio. Non lacus mauris quis bibendum montes sapien aliquam. Dolor netus, elementum. Non, hac vitae, dui maecenas ipsum auctor fusce, sociosqu. Eget sed molestie sapien convallis, sodales in sed. Congue in, nulla blandit odio egestas at. Mus mattis feugiat imperdiet aliquet risus egestas turpis suspendisse nibh vestibulum class. Urna dictum ultricies ipsum tincidunt auctor. Amet, tortor malesuada velit porttitor massa, sed feugiat. Duis odio nostra inceptos eu. Mollis, vehicula penatibus in id fermentum, velit sed praesent inceptos.","Sit eu lobortis maecenas pharetra dolor nascetur arcu dapibus conubia in nulla ante. Quis aliquam et mattis gravida dui porttitor risus nisi non elementum ullamcorper dui orci nec, senectus. Vestibulum quis suscipit ultricies fusce diam eu vel ad mauris nibh nec? Porttitor amet ante non ipsum. Maecenas in imperdiet, eros litora at arcu. Ac, sed auctor, ante. Ac in eget neque. Ac eget dis in interdum libero sodales nibh integer a at cum sed. In vitae erat mollis nibh tempor tortor nisl ut. Scelerisque tempor, sed, mollis at facilisi nisl class hendrerit. Turpis ut auctor sed porta nulla.","B","MEX;CAN;US"
35,"M",62,"Strongly Disagree","Neither Agree or Disagree","Neither Agree or Disagree","Very Often","Rarely","Eget sed sit augue, parturient turpis vestibulum egestas. Ligula sit sem! Consectetur donec et sit metus magna lectus maximus ultrices. Placerat venenatis ut vitae commodo aliquet, pellentesque pellentesque tellus. Etiam facilisis, felis malesuada libero enim nibh vestibulum inceptos sed nunc, diam consequat nunc. Ligula potenti cras aptent nec, donec nulla nisi conubia ac. Primis non dolor. Non ligula ridiculus fames conubia. Dolor sit porta maecenas ipsum phasellus tempor sociosqu velit. Bibendum ac in quis consectetur ac ridiculus risus himenaeos ut.","Torquent ipsum risus libero turpis cras. Arcu, augue nibh ipsum eros cras phasellus egestas non. Nunc libero sed lacus conubia et sit eu enim mattis iaculis. Lobortis, diam non felis eget nisl, ut venenatis justo odio. Conubia volutpat facilisi in mi amet. Ornare, pellentesque pharetra ac sed nunc non non odio. Sed sapien eu ut sociosqu lacus semper aliquet pellentesque nunc. Ipsum, mauris eget, pretium lobortis ac tempor magna aliquet fames luctus pharetra nec iaculis sed curabitur. At in integer senectus, volutpat sed, nibh nascetur, ipsum morbi nulla.","Strongly Disagree","CAN;US;MEX"
36,"M",51,"Strongly Agree","Strongly Disagree","Disagree","Very Often","Often","Sociosqu condimentum eu dignissim dignissim eros. Ac ante tellus lectus leo convallis elementum, cubilia ut sed. Cursus leo sapien posuere proin erat nec, netus montes volutpat. Elit purus est, lectus dictum justo nam id, praesent. Adipiscing venenatis faucibus. Sagittis morbi cubilia lorem aliquam turpis. Commodo at, amet condimentum luctus varius magna in tortor hendrerit. Sagittis eros eget finibus nisi potenti quam lobortis quam. Erat metus ut praesent sit sed porta. Orci, est per nam nullam vestibulum fames! Blandit ullamcorper nisi in velit aliquam turpis himenaeos placerat, dis sed. Vel sed sociis nibh sit.","Eget pellentesque consequat, ac tincidunt ut dui sed. Integer, consequat quisque augue et a lacinia a in pretium. Nunc class. Tortor nisi ipsum amet, facilisis ipsum non! Posuere sed netus morbi habitasse, vitae varius, lectus commodo, class venenatis. Duis vitae libero ac ac dapibus sed mattis viverra urna sit id. Feugiat himenaeos pretium in at ullamcorper varius at at dapibus. Est consectetur pellentesque urna nisi. Nisl gravida, interdum, venenatis cum ut turpis per sit. Praesent, eu sed ut euismod accumsan purus curae.","Agree","US;CAN;UK"
37,"M",42,"Strongly Disagree","Neither Agree or Disagree","Strongly Disagree","Sometimes","Never","Sit, platea ac bibendum id vehicula. Bibendum lacus volutpat mauris faucibus venenatis lacus. Eu eu ligula. Nec vitae taciti a magna. Sollicitudin nunc ornare litora dapibus ut quam. Vehicula ornare congue. Tellus sed nibh leo justo scelerisque ut at tortor amet fames ullamcorper massa elementum. Phasellus, vel sem sed hendrerit ut amet sociis, ut. Eros adipiscing efficitur condimentum viverra ligula pellentesque erat ut phasellus sed risus facilisis elit. Ante velit ligula dapibus, consectetur libero gravida, in aptent, eget at.","Metus, vulputate faucibus erat ut, sem aenean faucibus quis eu. Pellentesque sed eleifend rutrum. Ante turpis sodales eget eu mauris praesent vestibulum. Sed cras in eget in ante eros inceptos aliquam. Augue sed phasellus dolor. Leo himenaeos eget lorem. Nostra in faucibus dolor leo, sollicitudin ac. Blandit sociis eget sit diam magnis a senectus hendrerit. Finibus vehicula tempor tellus sed, orci mauris class enim ac nam quis. Vel maecenas cum, nisl diam enim et id, vestibulum. Sed leo conubia scelerisque sed egestas ridiculus. In elementum auctor mi ultricies nisi duis, dis velit dui maecenas. Quam eget amet tincidunt.","B","MEX;US;CAN"
38,"F",64,"Strongly Agree",NA,"Strongly Disagree","Sometimes","Sometimes","Mauris aenean tellus neque est ac turpis vel, nostra. Lorem viverra lorem ac lacinia est sociosqu sodales euismod magna amet. Integer odio gravida, eu nascetur. In sociosqu, vestibulum neque erat et. Lobortis ac quisque dapibus nunc, sed. Varius laoreet vel blandit at erat ultrices. Augue in nec vitae nulla orci sollicitudin, suspendisse lacus aenean ligula in. Sociosqu in sit diam himenaeos turpis taciti tellus massa massa, lacinia, diam. Amet in nisl at lacinia pretium, felis et. Ac pharetra porta suspendisse ad rhoncus elit turpis mauris aliquet. Tempus sed nunc arcu potenti molestie ac eu ullamcorper cras eros ut sed eleifend ullamcorper. Egestas id tempor tristique pellentesque ipsum, est lobortis ridiculus natoque vivamus eleifend. Et vestibulum sed ex, in, lacus magna, lacus nulla ac. Inceptos eu libero quis, egestas vivamus sit non convallis et, conubia.","Suspendisse aliquet ligula habitant potenti est nullam. Magnis porttitor sit ante aliquam fusce turpis dictum in ac molestie non potenti. Sagittis eget orci mus ante mauris metus elit tortor finibus sed. Duis taciti gravida consectetur sed vel dolor. Efficitur et in ut lobortis turpis et pulvinar. Tincidunt ac elit nunc velit dis vulputate convallis penatibus. Id imperdiet, ante iaculis taciti urna pellentesque sed. Mollis ut sed lacus orci nulla nibh turpis condimentum. Ac at, porta eu blandit sed est sed tellus nunc. Egestas non nunc ac venenatis, porttitor dignissim himenaeos. Vestibulum aliquam magna imperdiet ultrices pellentesque nulla ad. Vestibulum non eget sed quis ultricies non vitae convallis.","Agree","CAN;UK;MEX"
39,"F",51,"Agree","Agree","Agree","Often","Often","Duis elementum sed vivamus. Nulla volutpat fusce posuere sed cubilia a. Scelerisque lacinia in mauris in ligula rutrum blandit, ut. Curae ornare non libero, at mi eget ac. Finibus malesuada vitae, dis. Ac etiam, turpis, nunc. Donec velit volutpat condimentum blandit platea sed et, sed mollis. Porta dolor a massa lectus purus. Sem nulla nisl dapibus pellentesque euismod gravida, venenatis lacinia.","Eros, at, cras mollis. Lectus venenatis imperdiet ante sit sit viverra. Nisi cursus faucibus turpis sollicitudin neque cras eu sed sed nisi. Luctus in, scelerisque fames class curae. Ultricies faucibus ipsum sit sed nisi bibendum scelerisque suscipit morbi est et. Mus lorem sed donec ligula, egestas sodales, nunc. A malesuada ac ligula auctor. Lacus consectetur. Proin eu venenatis nibh eget etiam quis praesent, libero amet.","Strongly Disagree","MEX"
40,"F",38,"Strongly Disagree",NA,"Disagree","Never","Never","Dui malesuada nulla lacus lorem? Ornare neque lorem pulvinar. Tincidunt, urna sem hac sagittis in. Leo, nisl egestas at finibus dictum diam sed aptent consequat. Curabitur mauris lorem faucibus libero, viverra arcu elit. Sed ultrices, leo metus dolor, et in porttitor fringilla ligula vel. Ut ut sit enim sed ut sed scelerisque, pulvinar nunc libero. Posuere in mi ac turpis nunc arcu laoreet. Dapibus ad tristique facilisi egestas mollis sagittis adipiscing suspendisse porttitor leo. Ex augue ligula et tincidunt eu, feugiat sit nec ac.","Proin netus duis, faucibus etiam. Auctor ac arcu aliquam iaculis tempor cras lacinia nisl amet. Egestas, arcu eleifend. Sit quam varius nam cum ultricies blandit, vestibulum nisi ac nisl pulvinar. Ipsum duis himenaeos nunc sit et fames eros pellentesque, venenatis lobortis ac ex fames maecenas. Quis sapien non arcu, condimentum in dui sed quis. Praesent ut sed phasellus dui, dolor leo luctus molestie in.","B","UK"
41,"F",61,"Disagree","Strongly Disagree","Strongly Agree","Very Often","Sometimes","Turpis in ex ex, in venenatis est nisi. Sapien risus duis quis sed class at eu ipsum ut nisl. Maximus netus volutpat pellentesque ut natoque in non. Sed quam ex posuere dictum ipsum. Vitae finibus class, molestie eu porttitor nunc class egestas at nec turpis habitasse ultrices suspendisse fringilla. In tortor sit duis aliquam, aliquam maximus neque. Consequat blandit commodo ornare torquent sed. Magna, eget ipsum in aptent egestas, pharetra sem dapibus, vel tempor. Vel non sed mattis. Pretium sit vel efficitur nunc, adipiscing, odio maximus at. Egestas turpis, bibendum, mollis congue non, feugiat. Volutpat sed, penatibus eu semper dapibus. Vestibulum magna mi, sem ante diam ac sed, bibendum, quis. Dolor nisi dis mauris venenatis vitae torquent, cum malesuada primis. Eu in ante urna gravida non, ex. Massa ut eleifend aliquam donec eleifend id vitae cursus ipsum.","Potenti sed sed sapien nec volutpat eu? Eu, nisi sed mauris laoreet. Lacus pretium faucibus erat, risus nibh etiam mauris luctus vel. Massa sociis feugiat nulla fringilla aptent viverra nulla dui ac non, vestibulum elit. Purus viverra netus lacus in, vel natoque fringilla et, sed vehicula. In eu, eu nulla sed est felis sed et ligula ut ac nam ipsum eget platea. Eget ac lacus magnis commodo in, dui. Dictum, rhoncus quam aliquam ut duis aliquam magna. Varius vel elit risus sagittis faucibus vestibulum eu parturient in at.","Strongly Disagree","CAN"
42,"F",20,"Agree","Agree","Strongly Disagree","Very Often","Often","Sem ultricies volutpat. Vitae sociosqu torquent ornare in tristique, semper tempus fermentum. Morbi, nam orci, nulla erat accumsan erat, vel. Nunc nulla, ante, lobortis augue ut nam accumsan. Dolor sed tellus eros himenaeos senectus aliquet. Mauris eleifend mauris sociosqu facilisi consequat rutrum. Leo etiam quis cum non cras nisl sed nunc torquent. Fermentum, eu finibus urna at sed ad. Sed in at et leo lacus vivamus eros non sed in tincidunt enim. Odio egestas sociosqu. Lacinia arcu nisl sed magnis aptent, euismod habitasse. In fames rutrum sed, vulputate sapien dolor tortor a. Fermentum, mi at maximus.","Fringilla ut lacinia tempor per dis. Eros ut convallis aliquet cum senectus amet, aliquam lacinia ullamcorper conubia. Pellentesque mi egestas sed habitasse mauris. Non elementum vel nascetur. A risus, viverra quis, parturient at pellentesque. Sed posuere turpis eu ad ac at neque placerat laoreet, ante risus velit hendrerit, sed sollicitudin. Aliquam etiam vitae arcu iaculis lectus consectetur nisi. Sit erat a dignissim in, ridiculus nulla quam. Turpis in sem eros eu quam, ultrices senectus senectus et nisl! Sodales consequat in ligula, porta placerat sagittis. Nostra porta diam, pulvinar elit class tincidunt dictumst, duis? Gravida mauris neque pellentesque taciti nec. Natoque sed fringilla. Porttitor diam ipsum congue netus libero velit natoque in praesent ex in nec eros.","Disagree","CAN"
43,"M",21,"Strongly Disagree",NA,"Neither Agree or Disagree","Often","Never","Ornare tristique lobortis accumsan. Platea, dis enim tellus. Eu quisque in metus dictum commodo egestas nunc eu consectetur enim interdum. Tempus leo malesuada hac felis. Accumsan viverra lorem donec natoque placerat, congue tortor curabitur! Et, amet a consequat nascetur parturient. Ac ipsum conubia vestibulum commodo nam quis suspendisse, eleifend in gravida. Ac vehicula sed nec venenatis, cubilia sit montes sed quisque. Felis gravida sed sed in sociis ac quis. Odio ut sed a, elit, pellentesque sit semper magna quam metus montes.","Laoreet sit massa ipsum nunc. Nunc et fames lorem quis. At non augue parturient lectus eros. Nisi porta non rhoncus sed vitae nam, ut in in. Eget ante sed, luctus habitant fermentum scelerisque. Vitae in ac aliquam eget, accumsan. Nulla adipiscing id ut pellentesque, sociis erat aliquam integer, litora mattis. Nisl, ligula sociosqu accumsan. Ante libero, augue eu sed nam mauris.","Neither Agree or Disagree","UK;US"
44,"F",45,"Strongly Disagree","Strongly Agree","Strongly Disagree","Sometimes","Often","Pretium vestibulum tristique ante ultricies et mattis velit nullam sed dapibus sed vestibulum, magna. A nostra cubilia nulla vestibulum. Odio eget eget ante vitae orci ultricies libero. Dui curae turpis ac sed sed lectus nisl odio purus risus. Felis ante vitae taciti, vel. Est sit accumsan metus quisque lorem et id nostra vel, etiam. Non quis sed nunc ipsum est sapien. Erat rhoncus integer arcu ullamcorper, dui pulvinar ipsum. Orci luctus mauris, aliquam ac maecenas, imperdiet pulvinar placerat. Aptent litora dolor, pharetra et, magnis porta ex. Ullamcorper nibh feugiat quam commodo magnis. Vestibulum ex dis a nam! Amet in, eros class ultrices lorem dapibus leo.","Tempor consectetur at sed turpis pulvinar amet rhoncus montes. Lectus semper scelerisque, in elementum vitae, mus libero. Bibendum velit sociis dapibus pulvinar. Inceptos efficitur semper dignissim, enim odio maecenas iaculis torquent eros sed egestas. In velit convallis semper porta nullam, tincidunt, non. Rutrum vel conubia eleifend vestibulum. At in, sed maximus suscipit tincidunt a id mus eu, at. Conubia, quis condimentum lacus senectus amet purus non. Turpis ipsum dui leo a, pretium et integer efficitur, ut ex, facilisi habitant. Ultricies tellus in velit turpis libero. Proin tincidunt nibh montes, sodales, id facilisis quis. Risus cursus sodales vestibulum ut amet mollis sapien diam amet. At neque in, nibh. Donec, eget sit ridiculus commodo id purus curabitur montes nec.","Strongly Agree","UK;US"
45,"M",35,"Agree","Disagree","Neither Agree or Disagree","Often","Never","Suspendisse ut nec nam, aliquet. Diam fames nulla commodo sed, nulla ante ut. Volutpat mauris adipiscing ut. Ut nec suscipit molestie, quis placerat efficitur mus dis. Tempor dolor felis et. Viverra eros, vel ut, posuere dolor orci id sapien sem. Non velit cursus ut auctor quis accumsan sed, turpis ante nec ut tempor velit consectetur litora porta. Ex vitae conubia et netus habitant. Sed felis congue, euismod diam euismod neque sociosqu leo? Inceptos eu sollicitudin etiam neque porttitor accumsan euismod risus. Iaculis cras, cum natoque enim mauris hendrerit commodo.","Bibendum ante metus, gravida. Erat et commodo nunc suspendisse sagittis morbi, tincidunt lacinia eu et eu. Phasellus netus nisl elit egestas enim id non ut. Curabitur sem sodales porttitor libero sed velit molestie ridiculus enim, orci porttitor. Sed ad conubia pellentesque condimentum erat sed, sit pellentesque. Praesent sollicitudin eros eu vulputate fermentum efficitur. Elementum arcu efficitur. Metus lacinia.","Strongly Agree","MEX;CAN;US"
46,"F",45,"Disagree","Agree","Disagree","Rarely","Never","Egestas tristique, vestibulum sapien at sed nec sed phasellus. Posuere eu per nisi, augue lacinia nunc efficitur. Eu lorem a velit non et mauris penatibus eget fermentum tortor. Dolor morbi velit volutpat lacus parturient ac, dui facilisis rhoncus duis pellentesque viverra. Bibendum sit sed potenti est sed blandit amet leo lectus orci et in. Duis rhoncus habitant mi phasellus ultrices eu blandit non tempor. Luctus tristique scelerisque sed taciti himenaeos. Sapien arcu conubia, augue, netus vehicula amet a imperdiet. Sed sapien tincidunt nisi, parturient. Nisi suscipit lectus, eros suscipit massa donec molestie.","Eros sed laoreet vestibulum? Mattis accumsan pellentesque taciti pretium velit vitae. Sed nunc quisque nec pellentesque ac quis, erat dui. Risus duis in, proin scelerisque congue montes. Mi at quis porttitor facilisi massa, eu lorem aliquet tempus. Lectus odio cum libero amet velit dictumst sit arcu malesuada. In dolor sit lacinia penatibus, in fermentum adipiscing lobortis in velit. Montes porta, tincidunt bibendum litora. Et, sed velit non ridiculus risus fusce. Eleifend magna rutrum facilisi quisque. Arcu consectetur, maximus risus enim! Commodo interdum id quis, tellus a ante arcu donec.","Strongly Disagree",""
47,"M",44,"Strongly Agree","Agree","Disagree","Rarely","Very Often","Amet vitae curabitur inceptos phasellus, neque in parturient. Consectetur sapien suspendisse fermentum, laoreet nulla, dis pharetra ac ultrices vehicula lacus aenean, porttitor. A in dui, placerat, nulla cursus odio. Ut consequat non facilisi vel consequat. Sollicitudin tristique urna nascetur nostra pellentesque hac. Ac facilisi vel potenti laoreet euismod. Ut turpis egestas malesuada amet sed turpis sed, ligula non justo ac. Nunc vitae, eros vel. Finibus phasellus porttitor non vitae. Netus parturient id montes gravida lorem sed quis class, ac. Mi nec vestibulum nostra consectetur integer bibendum euismod vehicula.","Dis nam velit non sed a varius eu justo in. Molestie feugiat et dui aenean ac, ac tellus. Sit erat neque leo et orci eu ante sollicitudin dolor, ante ut. Sit sed condimentum sit volutpat non taciti justo. Pulvinar vestibulum, posuere lacinia himenaeos aliquam vel sed ridiculus urna sapien cum dictumst. Himenaeos, sed vehicula? Auctor donec magna lorem congue vel sed imperdiet id. Natoque sit urna habitasse et sollicitudin. Ullamcorper habitasse ut dictumst aliquam dolor sed primis tristique congue in auctor amet, et fermentum vestibulum suscipit maecenas. Ligula ridiculus a eros tempus ligula, eu, vehicula fames. Auctor, eget.","A","MEX;CAN;US"
48,"F",31,"Disagree","Disagree","Strongly Agree","Sometimes","Rarely","Eros blandit velit sollicitudin eu tincidunt cubilia nec nec, at sed. Tellus sociosqu. Lacus habitant himenaeos, sed, ac non at auctor suscipit ullamcorper vel. Pretium interdum pellentesque feugiat amet. Purus pellentesque tempor risus! Ipsum ornare libero auctor platea, ut cum. Leo nec tempus non convallis ultrices metus. In blandit suspendisse suspendisse mauris sed in a mauris. Vitae sit senectus nisi nulla eu.","Quis phasellus mauris ac sed commodo, nostra aliquet quis. At sociosqu nec magna mauris nibh aliquam. Porta justo et scelerisque neque libero tellus cum ornare vel. Curabitur, aenean sed eu ligula ante amet litora ultrices massa neque, risus natoque. Vel dictumst viverra tincidunt, sem ut massa fusce amet. Nec integer. Malesuada, sit donec urna tempor molestie faucibus mollis natoque etiam. Sed ut blandit, euismod. At auctor ex nulla ante nullam, sed consequat. Facilisi lacinia eu eros penatibus sociosqu ut vel. Posuere ex proin proin, sed et, a, porttitor. Sed vehicula non laoreet pulvinar, tellus. Nibh efficitur, sapien mauris primis.","Neither Agree or Disagree","CAN;US;MEX"
49,"F",63,"Strongly Disagree","Strongly Agree","Neither Agree or Disagree","Never","Often","Diam, ac montes convallis in, ultricies dis? Enim sed vitae mauris lacus tellus imperdiet? Fermentum, vestibulum a sed, nunc semper ante. Accumsan id pretium ipsum ac morbi, dignissim sed donec, euismod. Nullam nisl pretium, sit sem vel. Et justo turpis scelerisque pharetra lobortis torquent taciti feugiat? Finibus nunc ut. Ut eleifend mattis et ac sed platea. Lectus aptent proin id vitae per tincidunt parturient velit. Nullam maximus laoreet, diam nibh, ultrices conubia dui ipsum vel suspendisse mauris tristique. Tempus suspendisse ligula ante sed euismod sociosqu, egestas nibh tellus. Sed augue aliquet aptent, vulputate at etiam tortor nostra. Ante dis molestie ligula vulputate eget in habitasse lacinia porta et. Elementum euismod sit sed posuere vestibulum sed arcu maecenas mauris.","Euismod, a interdum ut finibus et, porta ultricies blandit eget, turpis. Sed sed posuere diam, rhoncus lectus quisque sed, eget. Orci tristique vitae vehicula tincidunt non lorem. Molestie praesent sollicitudin leo, vel et. Amet tristique, et pharetra leo suscipit scelerisque blandit eu ut iaculis. Litora elit etiam vitae, tempus fringilla ut commodo tortor. Velit conubia at porta erat nulla. Tincidunt nec venenatis sagittis metus in torquent.","Strongly Disagree",""
50,"M",31,"Strongly Disagree","Disagree","Agree","Sometimes","Sometimes","Nec venenatis justo bibendum hac sagittis vulputate vel. Eu nec porta blandit et magna at, auctor turpis malesuada velit, placerat. Nunc primis mi erat vitae accumsan nulla natoque eget. Ut vel id pretium odio quam ut luctus, lacinia sed sed ut enim. Pharetra turpis. Ut pellentesque lacus porttitor neque purus pellentesque, ut. Non consectetur commodo cubilia odio lacinia.","Habitant velit aenean volutpat blandit lorem ante nibh, mi. Amet in in ultrices fames commodo venenatis etiam odio. Eros fames porta eu magnis in. Dapibus neque posuere in justo, vestibulum tortor varius aliquam. In at purus vel efficitur nulla sed. Scelerisque molestie, venenatis sed dis torquent. Mi sed dapibus primis vulputate ipsum in. Cum sapien, viverra maecenas etiam.","Strongly Disagree","UK;US;CAN"
